{"type":"FeatureCollection","name":"caraguatatuba-bairros","features":[{"type":"Feature","properties":{"id":1,"nome":"Bairro Serramar","NM_BAIRRO":"Bairro Serramar","fonte":"KMZ ajustado no Google Earth a partir da camada limite_bairro_teste"},"geometry":{"type":"Polygon","coordinates":[[[-45.46620856174165,-23.61677270261803],[-45.4663041958844,-23.61690999615158],[-45.46642299068001,-23.61719226441782],[-45.46648876253046,-23.61774004061893],[-45.46659999289106,-23.61800409837457],[-45.46676620028239,-23.6181923965561],[-45.46701516414899,-23.61832351803162],[-45.46743308257486,-23.61846231110066],[-45.46763481774776,-23.61865127088336],[-45.46767486578926,-23.61886431427652],[-45.46753511362235,-23.61903334826133],[-45.46723123911358,-23.61908639552439],[-45.46705564495909,-23.61907408341353],[-45.46647918070075,-23.61892781102737],[-45.46581221588465,-23.61852238211182],[-45.46552397009613,-23.61842214223306],[-45.46523095626961,-23.61837149928259],[-45.46498585027124,-23.61837143714289],[-45.46486942174607,-23.61845508302203],[-45.46484960436054,-23.61860377087883],[-45.46501011526605,-23.61882809890563],[-45.46560298061932,-23.61925924790051],[-45.46571015509103,-23.6194012753917],[-45.46573738713552,-23.6196953831611],[-45.46563180148011,-23.61998249453285],[-45.46522074630581,-23.62039488801566],[-45.46506612278534,-23.62062687956158],[-45.46506209916922,-23.62072617627334],[-45.46507665007906,-23.62081678673931],[-45.46515285146959,-23.62089048057313],[-45.46534713847586,-23.62091669401122],[-45.46609400693368,-23.62092161186009],[-45.46654918231957,-23.6210385187488],[-45.46684266581472,-23.62117950645012],[-45.46706082595399,-23.62134618841232],[-45.46726677128405,-23.62156684546826],[-45.46743119624423,-23.62183641197426],[-45.46750781488949,-23.62208627373229],[-45.46755511611641,-23.6224710929174],[-45.46750345543833,-23.62312056421317],[-45.4674220571732,-23.62339457618293],[-45.46730165407023,-23.623658826699],[-45.46688797905931,-23.62430153732799],[-45.46691297774892,-23.62444654520312],[-45.46698592116589,-23.62452921174132],[-45.46718627314853,-23.62461425593883],[-45.46754764041081,-23.62456679906924],[-45.46811882452034,-23.62439678393955],[-45.46839188602549,-23.62435219556259],[-45.46868847316977,-23.62438031428981],[-45.46890933665015,-23.62445218901272],[-45.46906689756049,-23.62467194011544],[-45.46920609070575,-23.62522559937155],[-45.46933337452311,-23.62551253888319],[-45.46999508881036,-23.62657732156114],[-45.47020177404249,-23.62682057152237],[-45.47075135114181,-23.62732767965143],[-45.47123986802122,-23.6276574886091],[-45.47140753458729,-23.62786387445957],[-45.47146994103932,-23.62806378123477],[-45.47145491291094,-23.62818997409644],[-45.47133548847464,-23.62838197437975],[-45.47103624923388,-23.62852996951724],[-45.47063191244027,-23.62860825112318],[-45.47017980686794,-23.62854561746642],[-45.46988774531964,-23.62842273061229],[-45.46950670958953,-23.62822139589662],[-45.46929383675839,-23.62820387462762],[-45.46923662286341,-23.62829766157618],[-45.46923774019789,-23.62860934865349],[-45.46929375356942,-23.62887689036095],[-45.46946624109226,-23.62928211092257],[-45.46948776719611,-23.6294180203616],[-45.46943588490268,-23.62954804233502],[-45.46936385216075,-23.62961896950736],[-45.4690848063266,-23.62974023674883],[-45.46892310552003,-23.62976432030447],[-45.46864322833137,-23.62970037845061],[-45.46805304148477,-23.62939576630102],[-45.46786622612922,-23.62941938166312],[-45.4676520454528,-23.62960057656759],[-45.4674922553199,-23.63023447506559],[-45.46741558636948,-23.63040468627522],[-45.46722145433998,-23.63064949129121],[-45.467012154347,-23.63080367514299],[-45.46673328552155,-23.63088880669778],[-45.46616821441377,-23.63091890660562],[-45.46506204327196,-23.63078080619925],[-45.46496833607403,-23.63080615773019],[-45.46484482831098,-23.63084901861169],[-45.4647617825191,-23.63094683847716],[-45.46476683222321,-23.63102371987817],[-45.46487161327272,-23.63124700499329],[-45.46570257307155,-23.63227882795377],[-45.46618847974237,-23.63300608917536],[-45.46640742117453,-23.6332495726758],[-45.46669323264411,-23.63348978724668],[-45.46745098596345,-23.6339782068596],[-45.4676308890116,-23.63415772323039],[-45.46779165512854,-23.63442722025267],[-45.4677898209288,-23.63476143589436],[-45.46757641234996,-23.63504653293171],[-45.46750871809675,-23.63510316396166],[-45.46738099698918,-23.63521001142766],[-45.46716626071158,-23.6353324752403],[-45.46692087720869,-23.63542726598053],[-45.4666754433967,-23.63544075034542],[-45.4663624747903,-23.63537618783833],[-45.46623000610227,-23.63529692652987],[-45.46613233902861,-23.63519573166048],[-45.46599864572912,-23.63494932268771],[-45.4659248535769,-23.63465434741354],[-45.46576614622385,-23.63356733027127],[-45.46564203997109,-23.63347015802607],[-45.4655065270794,-23.63341794040499],[-45.46520634605292,-23.6333852318167],[-45.46469896136354,-23.63343898940177],[-45.46418447264328,-23.63356488309077],[-45.46356248346165,-23.63370231655437],[-45.46337205321334,-23.63366713841689],[-45.46317501928251,-23.63351439808631],[-45.46297964496748,-23.63323069912512],[-45.46280077538989,-23.63306023015929],[-45.46243033593073,-23.63282294234684],[-45.46221537673874,-23.63256597738116],[-45.46211498643609,-23.63233825506557],[-45.46209082325001,-23.63204420566952],[-45.46220025312398,-23.63166683255045],[-45.4622355458871,-23.63126097219854],[-45.46209167974654,-23.63105953842688],[-45.46179829444075,-23.63094112946254],[-45.46133457776373,-23.63093245680398],[-45.46063286320707,-23.63107290384355],[-45.46020041157201,-23.63118013963319],[-45.45996851784026,-23.631237641903],[-45.45982536384415,-23.63127313955291],[-45.45931174355773,-23.63140049943958],[-45.45890664961111,-23.63142905144753],[-45.45873367464106,-23.63138064468991],[-45.45867371184593,-23.63132080268232],[-45.45433507877755,-23.63719662669614],[-45.45380952923666,-23.63919420634216],[-45.45273425562067,-23.64335530571453],[-45.45195744123085,-23.64632529923338],[-45.45181225774873,-23.64627858436326],[-45.45069200555458,-23.64586563259855],[-45.45039516787705,-23.64578065819288],[-45.44841624924307,-23.64532179971081],[-45.44393894765344,-23.64436442169671],[-45.44262173077557,-23.64406417763436],[-45.44081629414114,-23.64365212161601],[-45.43767632951304,-23.64295174893932],[-45.4366423839571,-23.64273329346951],[-45.4359455935206,-23.64259686369328],[-45.43558293733899,-23.64251380974998],[-45.43532303423977,-23.64240307089464],[-45.43512961740856,-23.64240307084626],[-45.43503290898372,-23.64245290364644],[-45.43450101409618,-23.64296230113233],[-45.43401747322601,-23.64325022117475],[-45.43369712697309,-23.64330558986757],[-45.43334655972869,-23.6433000538109],[-45.43314709897354,-23.64333881142358],[-45.43273608827673,-23.64361565696658],[-45.43239156522561,-23.64375407951641],[-45.4315969455269,-23.643894236075],[-45.43367640285501,-23.6543740533987],[-45.43396705642361,-23.65628865529651],[-45.43404744998789,-23.65669083140359],[-45.43420205347999,-23.65720062972618],[-45.43452156616284,-23.65862831553165],[-45.45050075929673,-23.66156836322346],[-45.45036147272556,-23.66708950601955],[-45.45035066277931,-23.66729497414321],[-45.4518204772747,-23.66756833155554],[-45.45785713917011,-23.66870668863027],[-45.46625490698166,-23.67022323338482],[-45.46692644303436,-23.67034118674333],[-45.46924590667211,-23.67365190638614],[-45.46906038296104,-23.67388978173097],[-45.4679472415834,-23.67480729744118],[-45.46748961668619,-23.6753283537201],[-45.4655013392191,-23.6783444219866],[-45.46476464904905,-23.67951472827251],[-45.46438385992756,-23.67989666897286],[-45.4641058238233,-23.68006826457518],[-45.46385800868902,-23.68031735531477],[-45.46382174370395,-23.68060519295085],[-45.46389427437473,-23.68104801882352],[-45.4639244959016,-23.68139674293739],[-45.46382778777136,-23.68160154822813],[-45.46362832669404,-23.68170671870822],[-45.46322940492676,-23.68178421310028],[-45.46300576719039,-23.68200008827096],[-45.46295136955013,-23.68228792206697],[-45.46285466119158,-23.68254254438055],[-45.46255849154155,-23.68286358830768],[-45.46233485409872,-23.68294661672019],[-45.4619419772871,-23.68287465859189],[-45.46179087052293,-23.68287465848254],[-45.46165185269896,-23.6829742926773],[-45.46158536516315,-23.68334515227343],[-45.46153096731117,-23.6836495890341],[-45.46134963885007,-23.68384332093738],[-45.46098093905822,-23.68396509515507],[-45.46044299878325,-23.68408686863656],[-45.46004407811955,-23.68443558522165],[-45.45959680172511,-23.68496142449951],[-45.45952427133912,-23.68521050565196],[-45.45958471321644,-23.68553707820467],[-45.45957866923205,-23.68574187732911],[-45.45942151851015,-23.68612379967216],[-45.45925832290585,-23.68678247440379],[-45.4591495261555,-23.68696513161757],[-45.4588412687735,-23.68724741896033],[-45.45867807374128,-23.68741347096775],[-45.45861763155312,-23.68774003781564],[-45.45862367541373,-23.68794483358248],[-45.45872502493264,-23.68802345448013],[-45.45913139368529,-23.68786111657352],[-45.45939431927483,-23.68772550843151],[-45.45963608987823,-23.6875345494239],[-45.45992319215716,-23.68718584176461],[-45.46002594499519,-23.68710558396813],[-45.46013474197031,-23.68708344374425],[-45.46030700332484,-23.68711388603789],[-45.46044904350753,-23.68714156193644],[-45.46065454878317,-23.68710281664167],[-45.46075730079192,-23.6870585355427],[-45.46090845679062,-23.68687974170113],[-45.46097489477953,-23.68680115578174],[-45.4611532006279,-23.68677071213504],[-45.46118774319716,-23.68678604934905],[-45.46165185251507,-23.68699211490847],[-45.46183015780516,-23.6870917459633],[-45.4620628619208,-23.68732421830018],[-45.46225627863079,-23.68744598927442],[-45.46239529640401,-23.68748750198887],[-45.46261289086295,-23.68749857172444],[-45.46276701914616,-23.68753454993993],[-45.46294230240303,-23.6876231104141],[-45.46305412165533,-23.68773381113628],[-45.4631659403936,-23.68794137399204],[-45.46325660436317,-23.6880382368863],[-45.46347117645944,-23.68821258956633],[-45.46375827830234,-23.68835650035222],[-45.4640967578271,-23.68846719965929],[-45.46422670886447,-23.68848933978383],[-45.46445941362448,-23.68848103757556],[-45.46459238672605,-23.68848380455991],[-45.46483113595141,-23.68852254995221],[-45.46494899873629,-23.68853085190974],[-45.46576497446892,-23.68838971012703],[-45.46596443513376,-23.68830945198889],[-45.46610043140407,-23.68821258969474],[-45.46627873749741,-23.68796628175237],[-45.46641171126241,-23.68786111662843],[-45.46650539725725,-23.68781406891829],[-45.4666565035711,-23.68779469607446],[-45.46672903467977,-23.68776702064634],[-45.46711889002998,-23.68760373797817],[-45.46726999615458,-23.68759543471009],[-45.46737577095831,-23.68761204051141],[-45.46806783985176,-23.68788048923182],[-45.46819779081511,-23.68794414186653],[-45.46834889804199,-23.68806037693283],[-45.46847280549008,-23.68807698223326],[-45.46880826234634,-23.68803546915457],[-45.46890194820739,-23.68804930683118],[-45.46910443142659,-23.68811849452696],[-45.46920718362504,-23.68812126238584],[-45.46950335273686,-23.68803270211015],[-45.4696605032506,-23.68797458410587],[-45.46981160988102,-23.68788602415911],[-45.47003222521459,-23.68780853372719],[-45.47043114669712,-23.68763971539637],[-45.47102046270783,-23.68746259431477],[-45.47199661157617,-23.68717753978963],[-45.4722353604392,-23.68708344353304],[-45.4723230016963,-23.68708621115425],[-45.47244086559162,-23.68711388652956],[-45.47270983527923,-23.68719691211694],[-45.47290022919417,-23.68723842472516],[-45.47316919910971,-23.68726610049122],[-45.47344723512673,-23.68728547254565],[-45.47373433822759,-23.6872661005972],[-45.47392473236389,-23.68721351735685],[-45.47421183500809,-23.68705853593042],[-45.47455333537859,-23.68693953242219],[-45.47470746476721,-23.68687311145257],[-45.47538140016483,-23.68648842349856],[-45.47573801209225,-23.68633344176003],[-45.47626688511444,-23.68623657719002],[-45.47663860685369,-23.68620336658007],[-45.47690153269865,-23.68621997167919],[-45.47738809619876,-23.68631960338865],[-45.47789581413991,-23.68646074821985],[-45.47802576564846,-23.68652716914566],[-45.47811643037053,-23.68659082268282],[-45.47837935561105,-23.68665170860854],[-45.47850930695254,-23.68666277832585],[-45.47869667988631,-23.68663510373356],[-45.47888405190328,-23.68661849817395],[-45.47922857515109,-23.68661849824328],[-45.4797634923986,-23.68649672680681],[-45.4799387754958,-23.68647735375654],[-45.480050594507,-23.68649395925855],[-45.48031352010221,-23.68661296292637],[-45.48051600330132,-23.68667661594004],[-45.48083634940217,-23.68670429148193],[-45.48103580979962,-23.68664894088542],[-45.48151330684614,-23.68627809073758],[-45.48168254622869,-23.68616738855991],[-45.48248038921153,-23.68600133562051],[-45.48295184212523,-23.68598473044543],[-45.48333867520371,-23.6860456161995],[-45.48393705737878,-23.68625595011579],[-45.48451730650673,-23.68637772210126],[-45.48545416808336,-23.68652163384407],[-45.48573220382563,-23.68652716963481],[-45.48680203892266,-23.68645521355315],[-45.48717073868659,-23.68647735329219],[-45.48746086403506,-23.68653823934061],[-45.48912908047384,-23.68703086045402],[-45.48991483501529,-23.68726886779069],[-45.49136545857608,-23.68774764848354],[-45.49240507212568,-23.68814617001562],[-45.49333588931429,-23.68842568748356],[-45.49358370385855,-23.68851424744007],[-45.49387382833051,-23.68864155213089],[-45.49412768810711,-23.68868859967747],[-45.495245876475,-23.68873841457646],[-45.49580799357137,-23.68880483406978],[-45.49609207348375,-23.68879929963321],[-45.49704102396286,-23.68886571863426],[-45.49878781562582,-23.68909265330745],[-45.50007524434113,-23.68921995701671],[-45.5008186889194,-23.68934726164374],[-45.5021484272104,-23.68947456565784],[-45.50280725262687,-23.68955758990987],[-45.50369575915673,-23.68972917329216],[-45.50491670061723,-23.68991736059239],[-45.50527331257726,-23.68995057019556],[-45.50581804628617,-23.69008414512443],[-45.50403047978872,-23.69787465030198],[-45.50952644430077,-23.69988250523107],[-45.51392432555044,-23.70153175037406],[-45.51754576695148,-23.70288969843345],[-45.52063654212444,-23.70439645141056],[-45.52177567184079,-23.70475440820535],[-45.52195318838926,-23.70478243235536],[-45.52231434295783,-23.70481045629968],[-45.52250410212103,-23.70487210849503],[-45.52295095425783,-23.70515234805037],[-45.52334883596069,-23.70544379666947],[-45.52363653431502,-23.7055390779739],[-45.52400993155447,-23.70565117321199],[-45.52424866008038,-23.70576887312358],[-45.52455472338508,-23.70591459681938],[-45.52484242225677,-23.70594822537393],[-45.52537497211113,-23.70588657357549],[-45.52552188239176,-23.70593701648541],[-45.52600546201502,-23.70614999643314],[-45.52609728075492,-23.70625088214381],[-45.5262074629244,-23.70634055760623],[-45.52627479705258,-23.7063573718355],[-45.52658085961617,-23.70613878697502],[-45.52664207234336,-23.70609955341977],[-45.52683183119084,-23.7060883442235],[-45.52755414006278,-23.70623967252175],[-45.52771329248476,-23.70632934796426],[-45.52782347553173,-23.70651430473871],[-45.52784183941678,-23.70659837503035],[-45.52795202121154,-23.70662639877965],[-45.52816014481758,-23.70659837476457],[-45.52826420563443,-23.70664321306615],[-45.52864372347958,-23.70689542507493],[-45.52896202914963,-23.70699070561399],[-45.52935991088373,-23.70716445118886],[-45.52964761011987,-23.70741666218981],[-45.529910824357,-23.70783701360856],[-45.53017403858821,-23.70814527015072],[-45.53032706939773,-23.70819571184016],[-45.53062089042083,-23.70815647879167],[-45.53076167872047,-23.70818450214314],[-45.53119628869874,-23.70850396703363],[-45.53136156250448,-23.7086721061536],[-45.53149010914924,-23.70892991899721],[-45.5316064128904,-23.70899717463001],[-45.53170435257913,-23.70900277964163],[-45.53202265859132,-23.7089299190051],[-45.53245114602426,-23.70891871022223],[-45.53273884503051,-23.70896915215436],[-45.5329224829735,-23.70903080252117],[-45.53324078838858,-23.70928861509138],[-45.53341830470833,-23.70932224227298],[-45.5337304894944,-23.70929982419588],[-45.53408552226189,-23.70921014987749],[-45.53426303907648,-23.70921015041139],[-45.53491801341885,-23.70922135953527],[-45.53505880243686,-23.70918773217526],[-45.53510777242578,-23.70912608137671],[-45.5351261359386,-23.70899717486175],[-45.53484455853535,-23.70824054902641],[-45.53485680042089,-23.70815647865189],[-45.53496086206466,-23.7080555950956],[-45.53514449965649,-23.70800515303104],[-45.53540771413066,-23.70805559520177],[-45.53604432514452,-23.70839187461583],[-45.53677275409928,-23.70861606015485],[-45.5369808776295,-23.70864408360427],[-45.53794803647206,-23.70851517662472],[-45.53892131565264,-23.70825736320995],[-45.53912943910802,-23.70826296726719],[-45.53929471252697,-23.70835824639423],[-45.53944162287094,-23.70840868860025],[-45.53985786903068,-23.70854880482549],[-45.54009659780382,-23.70859924580961],[-45.540512842836,-23.70867210623576],[-45.54060466224313,-23.70865529242328],[-45.54075157182831,-23.70857682720663],[-45.54089848198506,-23.70857682773035],[-45.54138341919229,-23.7087639723456],[-45.54131445613309,-23.7085884674449],[-45.54129884816601,-23.70843009904422],[-45.54137602243812,-23.70811985309524],[-45.54155329460401,-23.70780239497078],[-45.54170072275679,-23.70764699396139],[-45.54206738636078,-23.70733298373734],[-45.54226236240365,-23.70721909726213],[-45.54263766233976,-23.70713107569467],[-45.54281082914673,-23.70706195800356],[-45.54290870397933,-23.70698695504013],[-45.54293825627371,-23.70683844253995],[-45.5426480958122,-23.70653054641615],[-45.54271552203313,-23.70627432216749],[-45.5427151706056,-23.70614784873111],[-45.54263278452573,-23.70601536648563],[-45.54248255882387,-23.70595843198335],[-45.54230133085495,-23.70594610116664],[-45.54188151607917,-23.70605137961758],[-45.5410573288186,-23.70645643071489],[-45.54070799589324,-23.7065629878652],[-45.54042015187753,-23.7065758139113],[-45.54017844194454,-23.70646752970203],[-45.54005344629739,-23.70632071951134],[-45.53997068289878,-23.70603466172961],[-45.53992172726348,-23.70574470229363],[-45.53979399665599,-23.70543975832683],[-45.5396436167493,-23.70524731809975],[-45.53925214502134,-23.70494660337965],[-45.53902406361944,-23.70460369755456],[-45.53899681263545,-23.70444511733869],[-45.53902504639664,-23.70430109735008],[-45.53910392509863,-23.70413993366564],[-45.53923767407589,-23.70399331869469],[-45.53970513605072,-23.70375341563396],[-45.53984772513477,-23.70356631065756],[-45.53988044101087,-23.70341333916375],[-45.53986944391535,-23.70335442148463],[-45.53964222908187,-23.70314251614801],[-45.53927517685387,-23.70293257904311],[-45.53915644194587,-23.70280846619247],[-45.53911544791624,-23.70269028501289],[-45.53916246002043,-23.70244272299417],[-45.53928094720406,-23.70235003106644],[-45.53963146445922,-23.7022163985872],[-45.54174521663614,-23.7019748463715],[-45.54245159716749,-23.701829615966],[-45.54281346357147,-23.7017097325948],[-45.54356342485067,-23.70136203929372],[-45.54410216042331,-23.70102856853375],[-45.54457954044632,-23.70063977993606],[-45.54494362861658,-23.70041604870968],[-45.54512272240108,-23.70035607008256],[-45.54546380898095,-23.70029000353669],[-45.54616285510013,-23.70025754127992],[-45.54639549259092,-23.70021660215558],[-45.54650706991568,-23.70015991227937],[-45.54679828643117,-23.69990323556449],[-45.54703562998531,-23.69944232833409],[-45.54737096948732,-23.69901481734684],[-45.54774682167186,-23.69872805808383],[-45.54790046041578,-23.69865406503017],[-45.54823160682345,-23.69856522815643],[-45.54848681977935,-23.69844339526747],[-45.54861668307723,-23.69830573625839],[-45.54869661174122,-23.69818072060411],[-45.54871970524112,-23.69801853860113],[-45.5486784448148,-23.6978551882927],[-45.54846070728125,-23.69754409865486],[-45.54844986387216,-23.69727741597263],[-45.5485446944458,-23.6970578203214],[-45.54866194225989,-23.69687928124645],[-45.54880277146093,-23.69677343764347],[-45.5489995012855,-23.69669119234571],[-45.54987322600235,-23.69660316828197],[-45.55042431729968,-23.69637830208803],[-45.55061014296652,-23.69631844049304],[-45.55080593515881,-23.69622262513611],[-45.55084209221157,-23.6961374640487],[-45.55086643411404,-23.69583077036407],[-45.55092310423029,-23.69573243121337],[-45.55107795962704,-23.69557263956385],[-45.55113769388814,-23.69547435536466],[-45.55112890500739,-23.69505414252995],[-45.55120663501433,-23.69488843540835],[-45.55134813648694,-23.6947509847078],[-45.55160937209818,-23.69463377246731],[-45.55190888970564,-23.6944178865966],[-45.55199007354661,-23.6943199916767],[-45.55202855036323,-23.69421228810651],[-45.55200664281653,-23.69408994069403],[-45.55191948293075,-23.69397995816873],[-45.55174381641346,-23.69390902088567],[-45.5513550997649,-23.69385228601501],[-45.54981404976657,-23.69372495436705],[-45.54964606113909,-23.69366770396122],[-45.54946900726411,-23.69354705666841],[-45.549411266394,-23.69343760686588],[-45.5494173909708,-23.69326608311141],[-45.54949454206703,-23.69312746600781],[-45.549591338284,-23.69301630526523],[-45.54983650836527,-23.69287622167745],[-45.55005548445487,-23.69269952775277],[-45.55012318612023,-23.69260138812994],[-45.5501458250562,-23.69248888094474],[-45.55009953575903,-23.69238867416053],[-45.54996367371538,-23.69229135706055],[-45.54965488867133,-23.69210960053402],[-45.54926733546475,-23.6918270452206],[-45.54886842565287,-23.69144491660073],[-45.54876053084862,-23.69133003969783],[-45.54862367131562,-23.6912507706802],[-45.54846620132771,-23.69118919308255],[-45.54801401644306,-23.69109064594944],[-45.54678487230473,-23.69091474946978],[-45.54662282327899,-23.69086663715126],[-45.54622095758022,-23.69056574818123],[-45.54610264666389,-23.69053649866733],[-45.54594598542066,-23.69055171696835],[-45.5457976117707,-23.69066645527685],[-45.54571974907316,-23.69080957486023],[-45.54568510670736,-23.69096703001699],[-45.54558547094208,-23.69118202096715],[-45.54549680124037,-23.69125719456985],[-45.54528324048,-23.69135267921018],[-45.54499097692055,-23.69131574964029],[-45.5446506866082,-23.69117406029917],[-45.54430862362521,-23.69108653904922],[-45.54393962565122,-23.69111144547232],[-45.54362152725452,-23.69107855933249],[-45.54322124826713,-23.69081834234569],[-45.54249742855643,-23.69023606624681],[-45.54226777952517,-23.69002411846996],[-45.54206990028885,-23.68990308198871],[-45.54186644020096,-23.68981356157652],[-45.54154860441809,-23.68974002540705],[-45.54122615360097,-23.68973867249974],[-45.54103956001856,-23.68974882573695],[-45.54069575365242,-23.68982838431366],[-45.54044736028914,-23.68983289422194],[-45.54026367147603,-23.68979341521374],[-45.54002686331846,-23.68965811790653],[-45.53974318790419,-23.68953551692647],[-45.53962691179293,-23.68949726540573],[-45.53948586286015,-23.68949921290225],[-45.53908622167536,-23.68960936722544],[-45.53876564199103,-23.68963514407215],[-45.53835059055302,-23.68957789702626],[-45.53819457308353,-23.68962022135287],[-45.53804961713224,-23.68968984720016],[-45.53784101230612,-23.68992543186117],[-45.53769743928695,-23.69004476770467],[-45.53733856495101,-23.69016921063411],[-45.53728056447614,-23.69027203870662],[-45.5372517194066,-23.69041604719188],[-45.5372587361058,-23.69066007866106],[-45.53711799608084,-23.69084721564163],[-45.53691564918591,-23.69101967806155],[-45.53620849445655,-23.69143135589612],[-45.53589737418313,-23.69170120231985],[-45.53526785991373,-23.69240787930178],[-45.53433957743985,-23.69403502899431],[-45.53410072663343,-23.69436490723105],[-45.5337802091213,-23.69464361103174],[-45.53348234387582,-23.69480981010416],[-45.53330028696192,-23.69486520516006],[-45.5329492744526,-23.69490848127489],[-45.53246731127651,-23.6948545155143],[-45.53230954375379,-23.6948922849904],[-45.53198777386828,-23.69505804494676],[-45.53184062023124,-23.6950869754233],[-45.53162192463461,-23.69507846473486],[-45.53154516237704,-23.6950273783158],[-45.53145928185962,-23.69485869175232],[-45.53137732065851,-23.69453650803944],[-45.53123360915068,-23.69434869773542],[-45.53106792284818,-23.69424178622727],[-45.53074247471798,-23.69412292327605],[-45.5305531796134,-23.69400203142313],[-45.530500843273,-23.69387009048107],[-45.53050495837267,-23.6937075630334],[-45.53056145729005,-23.69353244287817],[-45.53060326716266,-23.69346997344358],[-45.53073279303917,-23.69329167102882],[-45.53125438611992,-23.69278629250405],[-45.53173471216576,-23.6923750106345],[-45.53202568461934,-23.69207318755966],[-45.53247774229453,-23.69140845069697],[-45.53261885677294,-23.69109033885625],[-45.53293899608999,-23.69065806109563],[-45.53305879984599,-23.69056088025562],[-45.53336072208217,-23.69037668910494],[-45.53381814129573,-23.69023146902942],[-45.53432183594916,-23.69018646030105],[-45.53448485152437,-23.6901894338734],[-45.53498393529956,-23.69013078917502],[-45.53532974701583,-23.6900151465015],[-45.53547122310812,-23.68993642514981],[-45.53563857087341,-23.68979494208798],[-45.53570864088441,-23.68961555140984],[-45.53570835586773,-23.68954327888153],[-45.53565927516732,-23.68940236556054],[-45.5355392627928,-23.68930984196108],[-45.53536189828425,-23.68926143923526],[-45.53483808670545,-23.68921575073935],[-45.53460627812365,-23.68916183755035],[-45.53438251660918,-23.68890481752031],[-45.53424888123342,-23.68859072491398],[-45.53412068737106,-23.68839416629048],[-45.53367207856247,-23.68818724370574],[-45.53341167771256,-23.68795213728162],[-45.53335417709368,-23.68786075325422],[-45.53309449777568,-23.68716495315859],[-45.53299965334769,-23.68701416957535],[-45.53288155006499,-23.68689006273641],[-45.53268655337945,-23.6867781006186],[-45.53237047140561,-23.68670909530184],[-45.53186362564379,-23.68675855769561],[-45.53152151393459,-23.68670262409553],[-45.53119917665658,-23.68661091957593],[-45.53072919936757,-23.68637198030948],[-45.53055983608357,-23.68635081786699],[-45.53038314837886,-23.68635662394863],[-45.53020968031569,-23.6864121719306],[-45.52997811088653,-23.68657505899676],[-45.52967767929161,-23.6870031753912],[-45.52954484102005,-23.68713624959048],[-45.52926686036573,-23.6872621540142],[-45.52898653493203,-23.68729768061276],[-45.52878960515863,-23.68719019570768],[-45.52869995866828,-23.68702595418004],[-45.52868453448358,-23.68683145361154],[-45.52880747293987,-23.686418160459],[-45.52886485670982,-23.68611658875664],[-45.52886582252667,-23.68587270269665],[-45.52872480882932,-23.68561718717433],[-45.52830051833501,-23.68530680797017],[-45.52805442171481,-23.68506292175062],[-45.52790959609194,-23.68487057022509],[-45.52781653943124,-23.68466561445408],[-45.52780742724618,-23.68454801299709],[-45.52784136585794,-23.68448088236702],[-45.52794038985159,-23.68443752624349],[-45.52819990200705,-23.68442872087448],[-45.52874428376783,-23.68462837692854],[-45.5289169315558,-23.6846676672303],[-45.52918260213448,-23.68468607455736],[-45.52938255627778,-23.68456777767794],[-45.52938544567574,-23.6844052271432],[-45.52917557436767,-23.68413038767417],[-45.52917807483647,-23.68398589692848],[-45.52931294255244,-23.6838438261513],[-45.52944892935383,-23.68379211152044],[-45.52996988735567,-23.68377001496792],[-45.53108519540347,-23.68387621174686],[-45.53211045947551,-23.68392203747038],[-45.53245322389181,-23.68383344575152],[-45.5327415921151,-23.68359480642107],[-45.53275228830014,-23.68338271523863],[-45.53267469324913,-23.68331354741748],[-45.53236887987584,-23.68319504524151],[-45.5318747696645,-23.68310923703904],[-45.530812838624,-23.68277366769527],[-45.5302916713499,-23.68269187712326],[-45.52976210851462,-23.68268671635756],[-45.52945619243804,-23.68265854261915],[-45.52914057801352,-23.68253985433351],[-45.52886338794019,-23.68234508347032],[-45.52856485824988,-23.68205958763689],[-45.52834177907801,-23.68194259067111],[-45.52818588573368,-23.68180875459694],[-45.52813907203645,-23.6816769120374],[-45.52809747442439,-23.68135997961005],[-45.52799921408881,-23.6812542977096],[-45.52790245955948,-23.68122091045923],[-45.52782698791566,-23.68122404719812],[-45.52773206219058,-23.68127651199352],[-45.52758677702838,-23.68141839110208],[-45.52739853754535,-23.68150528347536],[-45.52725046276062,-23.68152064138958],[-45.52707673217222,-23.68141809531615],[-45.52676766431033,-23.6811098195253],[-45.52662533953244,-23.6810575316903],[-45.52638289467335,-23.68107116195509],[-45.52624883383481,-23.68120421135057],[-45.52621420401432,-23.68158750155137],[-45.52615970930745,-23.68172652372613],[-45.52605844668503,-23.68187372369822],[-45.52590200293897,-23.68199281246547],[-45.52565934831321,-23.68210129067922],[-45.52487523871624,-23.68215920649742],[-45.5236213865762,-23.6820820468815],[-45.52346413336412,-23.68201141663922],[-45.52338300621766,-23.68187894427337],[-45.52340846556099,-23.68160840548019],[-45.52351364517614,-23.68139352860296],[-45.52354403389047,-23.68115018052423],[-45.52352304545575,-23.68110011168461],[-45.52333933069603,-23.68092059295286],[-45.52320174352444,-23.68090452304734],[-45.52297045397551,-23.68094093698468],[-45.52269572480165,-23.68114367537507],[-45.52243045103733,-23.68130593518374],[-45.52201121083872,-23.68141568969284],[-45.52178457214296,-23.68140701900968],[-45.52154689130613,-23.68128522718924],[-45.52139051747444,-23.68117396046526],[-45.52086473121118,-23.68065392910939],[-45.52054743580917,-23.68027322206852],[-45.5204676195201,-23.68022207420188],[-45.5201428822867,-23.68015740367369],[-45.51980261287049,-23.68018729700721],[-45.51961029303761,-23.68017925401244],[-45.51946206832282,-23.68014491859439],[-45.51917041060005,-23.67996793266961],[-45.51909316089734,-23.67982649653701],[-45.51908441987239,-23.6796637319834],[-45.51912964920079,-23.67944324106632],[-45.51929522311961,-23.67915720497654],[-45.51930165968773,-23.67905795513535],[-45.51911227130024,-23.67891446246553],[-45.51899539635913,-23.67887618454006],[-45.51891932884462,-23.67879348752259],[-45.51865159922308,-23.67833238351908],[-45.51846561226063,-23.67811668345704],[-45.51819260307902,-23.67809812400111],[-45.51802220442084,-23.67815371487996],[-45.51768871645095,-23.67832374944105],[-45.51734283813444,-23.67835805304223],[-45.51716907285379,-23.67831421367779],[-45.51660296707215,-23.67810056758335],[-45.51597308700572,-23.67794446598895],[-45.51544596798274,-23.6779122029871],[-45.51500690239639,-23.67800350789839],[-45.51455636155339,-23.67805846621241],[-45.51318327163087,-23.67830875898605],[-45.51268490727388,-23.67833573342163],[-45.51233510362697,-23.67832478643227],[-45.51145766322648,-23.67816411614572],[-45.51061211148444,-23.67791821059652],[-45.50974374643643,-23.67784803347785],[-45.50926336860978,-23.67766755689711],[-45.50880000374889,-23.67743770770092],[-45.50846503178033,-23.67733668969555],[-45.50829445826113,-23.67731548224805],[-45.50794803966916,-23.67731813870787],[-45.50788036531622,-23.6773575432553],[-45.50744734982354,-23.67748055592765],[-45.50708585865482,-23.67752810131241],[-45.5064690322604,-23.67744898820305],[-45.50617636828463,-23.67726292660582],[-45.50595638092309,-23.67692011590886],[-45.5058933173551,-23.67629564012452],[-45.50560928436577,-23.67616393705628],[-45.50534098583447,-23.67615447669113],[-45.50501263846894,-23.67603098934573],[-45.5044404591635,-23.67561845112584],[-45.50390990366569,-23.67515247586637],[-45.50384997719472,-23.67506103496423],[-45.50373407188417,-23.67472465756573],[-45.50371843776632,-23.67448498044653],[-45.50363665254031,-23.67415826418532],[-45.50355314708346,-23.67407993901689],[-45.50354964263083,-23.67404374029031],[-45.50302736920393,-23.67404314361517],[-45.5024983085211,-23.67398821723694],[-45.50209846416989,-23.67408021098977],[-45.50203078769822,-23.67411961300599],[-45.50152387692299,-23.67428641558055],[-45.50120547725405,-23.67443862815927],[-45.50099943312765,-23.6746109804115],[-45.50093305263506,-23.67473170850687],[-45.50082212369583,-23.67518133859627],[-45.50074115838184,-23.67532438141395],[-45.50058881551781,-23.6754796562437],[-45.50051376316079,-23.67549182155615],[-45.50037569337633,-23.6754983075646],[-45.50021769555498,-23.67549087288085],[-45.50012075689495,-23.67546650021745],[-45.50004403893949,-23.6754425002987],[-45.49999060562453,-23.67541893010612],[-45.49990837281604,-23.67539482869003],[-45.49982594391447,-23.6753797566836],[-45.49974915113223,-23.67538737218468],[-45.4993848173339,-23.67545291309049],[-45.49911901942563,-23.67549768988908],[-45.49894792752761,-23.67558486659065],[-45.49852325005285,-23.6760287011549],[-45.49841544812464,-23.67608091136572],[-45.49830578380995,-23.67610598593006],[-45.49817673757499,-23.67603585133435],[-45.49790868085191,-23.67570569152929],[-45.49771625527816,-23.67556211606994],[-45.49749161748265,-23.67549021502847],[-45.49698571679756,-23.67541311571309],[-45.49648598416502,-23.67513739063913],[-45.49610644556749,-23.67497228862849],[-45.49597225031158,-23.67496980715419],[-45.49581453996422,-23.67506174464207],[-45.49573180713957,-23.67517313458768],[-45.49575713687296,-23.67567044820695],[-45.49567491038133,-23.67589928437989],[-45.49554525724072,-23.67608207492001],[-45.49507583390814,-23.67652507322841],[-45.49495904822058,-23.67670810216519],[-45.49489056303651,-23.67700946061086],[-45.49493176522986,-23.67731284504105],[-45.49503711315428,-23.6776264515124],[-45.49508077961422,-23.67806990210318],[-45.49499498128888,-23.67818123550704],[-45.49487665940973,-23.67823776549998],[-45.49466965887465,-23.67825652135163],[-45.49405607460371,-23.67814128821256],[-45.49345390607635,-23.67812111517726],[-45.49321661690878,-23.67806704038265],[-45.49300284262087,-23.67791854838166],[-45.49283812497406,-23.6776851450313],[-45.49277279873931,-23.67747616429672],[-45.49277179330053,-23.67724127351541],[-45.49331778753652,-23.67562081969096],[-45.49335196128018,-23.67531882594364],[-45.49322517179312,-23.67525776300475],[-45.49303705127554,-23.67525428186924],[-45.49227493917785,-23.67545698448478],[-45.49204567268599,-23.67559727851288],[-45.49173227031137,-23.67588506717831],[-45.49159975736708,-23.67594584974119],[-45.49131452162127,-23.67595411968288],[-45.49108638636632,-23.67584600935136],[-45.49095725784646,-23.67566746428551],[-45.49086235890569,-23.67538115025885],[-45.49076753416019,-23.67467025961229],[-45.49072471793553,-23.67399194851786],[-45.49076240525575,-23.67386617609763],[-45.4909341033724,-23.67363899905057],[-45.49116812701563,-23.67344911159043],[-45.49143741614823,-23.67330052567952],[-45.49150250090033,-23.67321139570421],[-45.49152486780854,-23.67308533930707],[-45.49146149159287,-23.67301189703248],[-45.49102083199899,-23.67289533502939],[-45.49072797913218,-23.67269117398842],[-45.49040775959394,-23.67261749229803],[-45.49025747053585,-23.6725379233017],[-45.49014396248562,-23.67234611623507],[-45.49010520138675,-23.67201567207454],[-45.49005501121793,-23.67195602429088],[-45.48973119435209,-23.67185065768576],[-45.48963218142728,-23.67178107121795],[-45.48951756844387,-23.67161182658686],[-45.48950764979151,-23.67133611805512],[-45.48963075727097,-23.6710041560106],[-45.48972687418399,-23.67089753399564],[-45.48999346896728,-23.6707037336402],[-45.49028740478494,-23.67060529129881],[-45.49058332036055,-23.67055657028023],[-45.49144603836011,-23.67065836340355],[-45.49178407859494,-23.67067365491787],[-45.49222803896964,-23.67058250327817],[-45.4927835296963,-23.67038049455645],[-45.49329893916857,-23.67024549402781],[-45.49361725144526,-23.6702378333028],[-45.49409852200675,-23.67031900401282],[-45.49472320818735,-23.67031700798157],[-45.49537486464861,-23.67020258850454],[-45.49588210768505,-23.67007646274791],[-45.4963197928362,-23.66993549837177],[-45.4973245850405,-23.66981856443301],[-45.49776096636785,-23.66970919026311],[-45.49822289159126,-23.66949640159898],[-45.49889676425131,-23.66909330220642],[-45.49935988781485,-23.66885343158667],[-45.4999904576029,-23.66869343520995],[-45.50015994352711,-23.66865139589996],[-45.5003319569517,-23.66857778618445],[-45.50080098893119,-23.66820703292244],[-45.50106373758705,-23.66807637829724],[-45.50133915198583,-23.66806791015108],[-45.50168255287532,-23.66814651544045],[-45.50213886471528,-23.66841690843075],[-45.50263662445138,-23.66866999764011],[-45.50296595787472,-23.6687754404084],[-45.50334272123667,-23.66881400668424],[-45.50378161704737,-23.66878596536783],[-45.50393686085927,-23.66880689453039],[-45.50475741922364,-23.66904334301831],[-45.50543170701431,-23.66912803885771],[-45.50579800498478,-23.66911220472003],[-45.50740488874861,-23.66876239439719],[-45.50832395120406,-23.6684992759957],[-45.50884335777121,-23.66840495172197],[-45.50953455337108,-23.6683318534657],[-45.50970984481269,-23.66827636156649],[-45.5100584444093,-23.66822857460573],[-45.51034939531764,-23.66812552393146],[-45.51080536368084,-23.6679035560909],[-45.51170138473027,-23.66726058515151],[-45.51202274829483,-23.66714002453926],[-45.51236651425712,-23.66706052650342],[-45.51259187669535,-23.66704208575031],[-45.51261651007212,-23.66706512186864],[-45.5128945480276,-23.6671334679507],[-45.5130621959532,-23.66720430168757],[-45.51351460913155,-23.66754234209403],[-45.51373282079584,-23.66762765450482],[-45.51401009836857,-23.66764630013282],[-45.51479465785921,-23.66781880193481],[-45.51505413953231,-23.66781001822428],[-45.51529900704941,-23.66768352962266],[-45.51547105572052,-23.66755118509906],[-45.51591072301183,-23.66706241337125],[-45.51614308436891,-23.66689052655735],[-45.51670780584379,-23.66657116915217],[-45.51722886145464,-23.66640006199435],[-45.51759941317931,-23.66635717892056],[-45.51789671287993,-23.66638521944138],[-45.51839300294652,-23.66667888332191],[-45.51871198216802,-23.66683830585969],[-45.51896173900489,-23.66691064040168],[-45.51917825669192,-23.6669326795522],[-45.51943042830653,-23.66686503607185],[-45.52052145653865,-23.66632947908115],[-45.52099464330243,-23.66618910120159],[-45.52117169483427,-23.66616524644825],[-45.52151318257121,-23.66616247265019],[-45.52236692671804,-23.66628200450931],[-45.52274341008134,-23.66624825165595],[-45.52330750101643,-23.66612759850224],[-45.52395337615479,-23.66579615356956],[-45.52431852058055,-23.66566282028402],[-45.52517902789373,-23.6654120856846],[-45.52569341278555,-23.66532213097402],[-45.52639228468488,-23.6652897547351],[-45.52657533653285,-23.66524341885782],[-45.52688307735779,-23.66509999663286],[-45.52710592671455,-23.66502728744723],[-45.5275830298788,-23.66493212959581],[-45.52878124395659,-23.66488177445228],[-45.52935387695712,-23.66483195398787],[-45.52935618137964,-23.65667991115043],[-45.5293566117814,-23.65515759690055],[-45.52863122058102,-23.65509114038329],[-45.52813928728596,-23.65493760567794],[-45.52794507839142,-23.65484823465325],[-45.52779343519277,-23.65474609022197],[-45.52765082939128,-23.65459442708929],[-45.52728599819283,-23.65431674515001],[-45.52685540386832,-23.65413271099376],[-45.52659360687437,-23.65405113439267],[-45.52635576193994,-23.65402419811447],[-45.52608579385499,-23.65403732455198],[-45.52558533161042,-23.6540236470954],[-45.52540079028282,-23.6539976838694],[-45.52471212292052,-23.65367341613716],[-45.52440724554835,-23.65360008099842],[-45.52401890644698,-23.6535884524753],[-45.52340131419884,-23.65366295819809],[-45.5230454176913,-23.65362482040378],[-45.52286027931829,-23.65351302541644],[-45.52278235846945,-23.65340319453223],[-45.5227552903003,-23.65329429409504],[-45.52265081577998,-23.6530800907245],[-45.52249912417603,-23.65292373840677],[-45.52218403021848,-23.65284117864189],[-45.52178104340047,-23.65288347773189],[-45.5215368509467,-23.65283835049333],[-45.52135519463246,-23.65273565026111],[-45.52078636635533,-23.65225547189322],[-45.52066774617912,-23.65218554553891],[-45.52045722501734,-23.65211393327332],[-45.52017701302908,-23.65209072728433],[-45.51980218261774,-23.65210643639027],[-45.51955708769896,-23.65207484052576],[-45.51948309569547,-23.65201024728092],[-45.5194234781536,-23.65181944700569],[-45.51944566488373,-23.65164369798336],[-45.51949962287653,-23.65158596968905],[-45.51953971844253,-23.65134731470806],[-45.51950187361269,-23.6512833843408],[-45.51932558288931,-23.65113109543428],[-45.519103718118,-23.6510457222254],[-45.51844850292817,-23.65096143169961],[-45.51834542420342,-23.65090985425422],[-45.51823684761171,-23.65077235772558],[-45.51816347841648,-23.65050903529871],[-45.51798396618891,-23.65019408032965],[-45.51790140680974,-23.64993058973671],[-45.51783226429503,-23.64981188323371],[-45.51775768878287,-23.64977438027595],[-45.51745185634396,-23.64985910224655],[-45.51727111267669,-23.65005452530438],[-45.51712044241278,-23.65030470099705],[-45.51676155387893,-23.65074527735506],[-45.51613383474246,-23.65131642059345],[-45.51590299633906,-23.65187226614706],[-45.51576128881497,-23.65210453820078],[-45.5154948454758,-23.65237968736268],[-45.51536094364675,-23.65244949720757],[-45.51485331420917,-23.65251244009652],[-45.51459231621186,-23.65250764510334],[-45.51434329812305,-23.65243080055015],[-45.51417769434899,-23.65223805099525],[-45.51412129584697,-23.65209699313963],[-45.51410565421413,-23.65197023486613],[-45.5142227718629,-23.65154328910761],[-45.51458908051258,-23.65084539647565],[-45.51461090897718,-23.65071480965976],[-45.51458599190275,-23.6503936569361],[-45.51463151823484,-23.65027253965769],[-45.51474176418721,-23.65013454354501],[-45.5151033426825,-23.64993792926978],[-45.51560605491459,-23.64976197448992],[-45.5157676922266,-23.64965653943896],[-45.51591418072825,-23.64951469153798],[-45.51599227355967,-23.6493896547103],[-45.51600226394653,-23.64926788392396],[-45.5161082312523,-23.64893106798634],[-45.51617519701207,-23.64881034316074],[-45.51645647859745,-23.64847223058657],[-45.51654774839339,-23.64824806542333],[-45.5165614593732,-23.64806764353355],[-45.51651420509823,-23.64798547288397],[-45.51632530502502,-23.64787811728358],[-45.51608337903838,-23.64784205675231],[-45.51577549351041,-23.64759701015251],[-45.51556836635471,-23.64753900342064],[-45.51493888163817,-23.64754099042922],[-45.51470290735963,-23.64742825134724],[-45.51457600362435,-23.64723169553175],[-45.51452813281955,-23.64703659263179],[-45.51466050254459,-23.64686738556747],[-45.51492609153917,-23.6467728941894],[-45.51541304001364,-23.64667343593057],[-45.51555012208033,-23.64662626888927],[-45.5159916472375,-23.6463317513906],[-45.51634892745209,-23.64613505555734],[-45.51714743211114,-23.64596904355885],[-45.51734013922868,-23.64590031232457],[-45.51764543883216,-23.64569814257183],[-45.51814655783554,-23.6451698372585],[-45.51839777540246,-23.64500280775367],[-45.518551369116,-23.64492884051026],[-45.51902975843259,-23.64485631542686],[-45.51941890770034,-23.64488603799039],[-45.51974974278263,-23.64500502854631],[-45.52024406712321,-23.64524445331355],[-45.52074345038292,-23.64533491440407],[-45.52078059868104,-23.64531752863933],[-45.521125390002,-23.6453012662421],[-45.52209074728673,-23.64495761587163],[-45.52232296707899,-23.64479023216084],[-45.5226474873379,-23.64432191188931],[-45.52287200536555,-23.64411373569325],[-45.52300189709216,-23.64403029670165],[-45.52328820700497,-23.64394068819052],[-45.52389559086809,-23.64391116432803],[-45.52407883799709,-23.64388290224458],[-45.52433249578582,-23.64371590918732],[-45.5244153812102,-23.64359547207949],[-45.52443313297145,-23.64348287769104],[-45.52441519745621,-23.64312120236927],[-45.52431284381858,-23.64278056541431],[-45.52428169639804,-23.64257673700209],[-45.52429684398935,-23.64241440791762],[-45.52437457740585,-23.64224870947821],[-45.52465007554737,-23.64197822775569],[-45.52515426385815,-23.64178871949715],[-45.52566411947576,-23.64164899803559],[-45.52604500363862,-23.64169210645614],[-45.52622368353253,-23.64179023034665],[-45.52630228165575,-23.64186845469679],[-45.52634424945965,-23.64196859320569],[-45.52636621038673,-23.64217225273865],[-45.52635462287975,-23.64270954289446],[-45.52639443160349,-23.6427960921615],[-45.52651045756563,-23.64292920325633],[-45.52659821906977,-23.6429804949887],[-45.52673434786132,-23.64300557011221],[-45.52693229715762,-23.64297757539452],[-45.52730137453512,-23.64285785766328],[-45.52769281654079,-23.64283791754396],[-45.52793915086065,-23.64289662643406],[-45.52804703097793,-23.64295280133654],[-45.52827716403823,-23.64313768396016],[-45.52887425653435,-23.64389839795271],[-45.52900045009785,-23.64398652519991],[-45.52926274364246,-23.6440726243778],[-45.52959460822731,-23.6440019063474],[-45.53007729580914,-23.64375778759885],[-45.5303486351234,-23.64370854534079],[-45.53084070636337,-23.64374012366482],[-45.5310060587576,-23.6436889424679],[-45.53114004924786,-23.64352878553753],[-45.53111675753151,-23.64332961960385],[-45.53094385875433,-23.64310513497036],[-45.53047734435945,-23.64262685951691],[-45.53031304298793,-23.64251545258163],[-45.52939602773832,-23.64208966925403],[-45.52618768658628,-23.63607409372552],[-45.52578239206444,-23.63630774214993],[-45.5250951983919,-23.63662940611879],[-45.52494861942162,-23.63666285717403],[-45.52468632758517,-23.63666257042242],[-45.52452160814072,-23.63662793617753],[-45.52343696881234,-23.63628285435118],[-45.52334201572826,-23.63628111444456],[-45.52315270847757,-23.63636346606757],[-45.52305122528363,-23.63646549390377],[-45.52275721566609,-23.63699761157697],[-45.52255050206847,-23.63723321611822],[-45.52226153417363,-23.63730470666157],[-45.52211970221585,-23.63728855630985],[-45.52201530854521,-23.6372414746393],[-45.52188645518684,-23.63713522408586],[-45.52176694362192,-23.63688009071061],[-45.52156782431853,-23.6366505971088],[-45.52146465695549,-23.63660353712432],[-45.52111885652227,-23.63661074831881],[-45.52097651143077,-23.63659007065995],[-45.52077704080367,-23.63651866057647],[-45.52061356265185,-23.63639822408518],[-45.52046236823232,-23.63610637334299],[-45.52036683860428,-23.63573423945888],[-45.52029703539451,-23.63556131863751],[-45.5200745699871,-23.63536301363296],[-45.51987939030243,-23.63529168009474],[-45.51976768059105,-23.635072822161],[-45.51972220296641,-23.63482356117303],[-45.51967769546701,-23.63472789122055],[-45.51950951394328,-23.63459833471973],[-45.51941627508171,-23.6345740389141],[-45.51876224893016,-23.63458010605752],[-45.51862763712193,-23.63442857955892],[-45.51860672893494,-23.63434689211773],[-45.51862228291778,-23.63427942542139],[-45.51870771498081,-23.6341545215811],[-45.51911859123846,-23.63388653229215],[-45.51915465283194,-23.63380588990566],[-45.5191120880497,-23.63350699727983],[-45.51904913220044,-23.63344260595177],[-45.51869631567893,-23.63326449164303],[-45.51859432388275,-23.63316324811807],[-45.51853893270376,-23.63300414214689],[-45.51854597070992,-23.63279197943174],[-45.518796514698,-23.63248491317001],[-45.51891385426158,-23.63241479730635],[-45.5195626664332,-23.63230926356913],[-45.51972862198042,-23.63225810509037],[-45.52024240250925,-23.63199200091485],[-45.5205978134194,-23.63190818235905],[-45.5208107955135,-23.6319211218652],[-45.5213530369792,-23.63223821151719],[-45.52157119840355,-23.6323235151096],[-45.52193469736696,-23.63226242629993],[-45.52210425908676,-23.63204420860179],[-45.52217260507048,-23.63188737101699],[-45.52207755076316,-23.63118099822419],[-45.52214492582787,-23.63067182825645],[-45.52227149527502,-23.63034441707156],[-45.52259907273536,-23.62970451006492],[-45.52262821331505,-23.62954695435936],[-45.52254631018446,-23.62942349810942],[-45.52234023702201,-23.6293745523231],[-45.52212431993019,-23.62938414538036],[-45.52185384200772,-23.62945145667124],[-45.52137406020857,-23.62950589611503],[-45.52111891132885,-23.62948766774037],[-45.52090946986959,-23.62933928751236],[-45.52064007262173,-23.62895944708412],[-45.52049435181635,-23.62892515649999],[-45.52033408173553,-23.62894028423766],[-45.51998495739307,-23.62907390323172],[-45.51966340844471,-23.62932094914989],[-45.51888582560752,-23.62999776226836],[-45.51853639657037,-23.63034366555529],[-45.51836847447538,-23.63057094347674],[-45.51811496877083,-23.63118510030199],[-45.5180010933688,-23.63135013432795],[-45.51786726743278,-23.63147414888482],[-45.51761276356728,-23.63159594931278],[-45.51740064308171,-23.63162819015989],[-45.51722737982251,-23.63162049237533],[-45.51671611717185,-23.63154335168206],[-45.51654388464209,-23.63154470565197],[-45.51639189387556,-23.6315735320522],[-45.51586715199681,-23.63180780431345],[-45.51557725855992,-23.6318657150311],[-45.51520799702921,-23.63188151659735],[-45.51504477696547,-23.63180624724625],[-45.51489765303351,-23.63169513945692],[-45.51441980918906,-23.63112175010866],[-45.51417501377116,-23.63093657671369],[-45.5138899392549,-23.63080034872854],[-45.51376232232008,-23.63069411415788],[-45.51367253529005,-23.63053889035644],[-45.51363498561052,-23.63034849092193],[-45.51365720335189,-23.63019984311698],[-45.51373413445756,-23.63004316763185],[-45.51398510039522,-23.62974514996056],[-45.51438156254103,-23.62946335693544],[-45.51512946331452,-23.62911123389616],[-45.51515962205919,-23.62904855226978],[-45.51559525146619,-23.62862745287958],[-45.51607731695439,-23.62829754413472],[-45.51685714714079,-23.62814022561456],[-45.51708082078481,-23.62802689327772],[-45.51720478970093,-23.62784849520932],[-45.51727148790874,-23.62756967346864],[-45.5171588762963,-23.6269397610788],[-45.51717187287156,-23.62645217734143],[-45.51713247506398,-23.62614882293783],[-45.51718724135263,-23.62588333313894],[-45.51733966867815,-23.62557898519463],[-45.51737846382378,-23.62537192093713],[-45.51731426123181,-23.62528040569483],[-45.5171227995622,-23.62523623739568],[-45.5166189637063,-23.62521343407638],[-45.51629294352397,-23.62527068313182],[-45.51610609838437,-23.62535307211103],[-45.51575507631576,-23.62563118763759],[-45.5156088009919,-23.62565108456573],[-45.51548927430571,-23.62556758444606],[-45.51538836524426,-23.62541667353563],[-45.51537223601869,-23.62531248961316],[-45.51541793432854,-23.62495649525188],[-45.51547903082891,-23.62479501018585],[-45.51547698332605,-23.62457816345538],[-45.51535848717922,-23.62450371665089],[-45.51510373876221,-23.6244674173551],[-45.51492969757611,-23.62438291537581],[-45.51468136107456,-23.62379567429098],[-45.51443325536173,-23.62376401349932],[-45.5142597875835,-23.62385116209065],[-45.51390822544735,-23.62409764624563],[-45.51350486311996,-23.62430252401707],[-45.51316519912689,-23.62439565072004],[-45.5129196658415,-23.62438661892666],[-45.51264266580806,-23.62424601971379],[-45.51258449539674,-23.62415912792341],[-45.51229509220288,-23.62385569262538],[-45.51215403189082,-23.62377631021603],[-45.51196820983606,-23.62375482544225],[-45.51160124997309,-23.62380679465695],[-45.51095376574922,-23.62376778054443],[-45.5106878927005,-23.62362286516639],[-45.51042623262396,-23.62339672259335],[-45.51026096139102,-23.62307749902421],[-45.51002456202774,-23.62278858451149],[-45.50989242422198,-23.62275001737999],[-45.50958127974521,-23.62277139142742],[-45.50902355474014,-23.62297341610295],[-45.50887647200231,-23.62300232644298],[-45.50857551866909,-23.62300581867694],[-45.50838425856013,-23.62295260995973],[-45.50827334039046,-23.62289636490004],[-45.50772418079654,-23.62230808919503],[-45.50708983697632,-23.62211572727968],[-45.50681399979777,-23.62200675718615],[-45.50658518109628,-23.62184896606024],[-45.50617125602676,-23.62132641332361],[-45.50588111263916,-23.62108618738257],[-45.50572807794987,-23.62107884957835],[-45.50559736428,-23.62114419291182],[-45.50559035573791,-23.62118471653303],[-45.50553557069557,-23.62122435796345],[-45.50538508182017,-23.62155131757979],[-45.50527982299774,-23.62165778216887],[-45.50504502489319,-23.62177540885859],[-45.50488723582054,-23.62181766956985],[-45.5046422473893,-23.62184025370913],[-45.50429178096302,-23.62172538508383],[-45.50409064942571,-23.62170360816551],[-45.50383693637318,-23.6217892661689],[-45.50361735538699,-23.62179876753977],[-45.5031143750364,-23.62145523856772],[-45.50265005422611,-23.62130664844315],[-45.50227861951177,-23.62114170195072],[-45.50201776041483,-23.62099234827935],[-45.50189873684261,-23.6208862636286],[-45.50183760881509,-23.62079479774276],[-45.50176996778607,-23.62060835542386],[-45.50161970634505,-23.62050169320214],[-45.50133154687031,-23.62053702641058],[-45.50126093321094,-23.62057185799839],[-45.5011497671135,-23.62069627925837],[-45.50103846895114,-23.62102395731472],[-45.50090370809564,-23.62113439188261],[-45.5007464089852,-23.62115407189592],[-45.50063480684497,-23.62112942730437],[-45.50050529674377,-23.62105476513297],[-45.50025742780892,-23.62081530987329],[-45.49999042280093,-23.62063873686962],[-45.4990921330834,-23.62024272523788],[-45.49894480936975,-23.62022645360461],[-45.49882207780797,-23.62031904014296],[-45.49879016774313,-23.62049009358086],[-45.49883847556064,-23.62063552592594],[-45.49930173822666,-23.62122676398531],[-45.49934678177491,-23.62149409206594],[-45.49930287045009,-23.62207596045456],[-45.49939008035344,-23.62282737496212],[-45.49927000548427,-23.62316392460928],[-45.49909892705875,-23.62330982133687],[-45.49875274273834,-23.62330794372868],[-45.49855021894005,-23.62320934636683],[-45.4977597675618,-23.62250365575527],[-45.49697427755586,-23.62173933226157],[-45.49675405368858,-23.62146876341346],[-45.49649080479963,-23.62089476762571],[-45.4961907326995,-23.6199858392579],[-45.49588260209201,-23.61846246373465],[-45.49575294874096,-23.61808516210505],[-45.49558134245732,-23.61783355786001],[-45.49531878723663,-23.6175938233575],[-45.49496611896578,-23.61738403944513],[-45.49353776838983,-23.61676589415215],[-45.49328996323671,-23.61658063122847],[-45.49307141824008,-23.61634622300432],[-45.4928332183415,-23.61617017087148],[-45.49263970881545,-23.61622079096042],[-45.49238974883926,-23.6165278304448],[-45.49217251498712,-23.61665479843631],[-45.4921877393666,-23.61679962166792],[-45.49224324662358,-23.61689550456325],[-45.49256843466145,-23.61721319127398],[-45.49318210655009,-23.6176491411719],[-45.49391160547933,-23.61828145972231],[-45.49426623458842,-23.61876681334743],[-45.49436348466516,-23.61897187294989],[-45.49442209209289,-23.61923493858841],[-45.49440336046326,-23.61967273055791],[-45.49427904159014,-23.61995047860091],[-45.49396831812319,-23.6202338104249],[-45.49387716197587,-23.62036763074836],[-45.49387788464857,-23.62050315031951],[-45.49395118120194,-23.62062646362012],[-45.49431391977759,-23.62090870612069],[-45.49474750763888,-23.62131421514951],[-45.49492798947045,-23.62155243188654],[-45.49548801298577,-23.62251133969401],[-45.4959619753113,-23.62308923330815],[-45.49605021686495,-23.62325798993993],[-45.49606357744219,-23.62348859838253],[-45.49602351210604,-23.62355561119848],[-45.49582885800401,-23.62371461904139],[-45.49504899370241,-23.62370471186298],[-45.49486101019704,-23.62378253932569],[-45.49485445930665,-23.62388630658924],[-45.49491337529309,-23.62402290323263],[-45.4950788191787,-23.62422018898375],[-45.49527704033644,-23.62479750166661],[-45.49523514967169,-23.62500450302895],[-45.49510967948115,-23.6252506117224],[-45.49513310263381,-23.62555367658891],[-45.49521120460827,-23.6256815930448],[-45.49530263970104,-23.62576007088813],[-45.49566072275302,-23.62594737058012],[-45.49641993940225,-23.62603367958902],[-45.49671648222871,-23.62612046589174],[-45.4968502077617,-23.62622682620945],[-45.49693061023537,-23.626418022366],[-45.49694500832013,-23.62691062829887],[-45.49685478632252,-23.62767683014446],[-45.49679366557479,-23.62783830822988],[-45.4966568293161,-23.62804355535291],[-45.49637072423099,-23.62823700843081],[-45.49587531824545,-23.62841755694229],[-45.49544083729095,-23.62844565765594],[-45.49498822927705,-23.62840566753881],[-45.49480967798822,-23.62841591539252],[-45.49463131390716,-23.62853005418073],[-45.49461518116102,-23.62865171096931],[-45.49471745969854,-23.62887944718812],[-45.49498374542857,-23.62928637604888],[-45.4954828444212,-23.62986473388107],[-45.49640914248376,-23.63060908034778],[-45.49676052362588,-23.63082335247756],[-45.49726865048189,-23.63107213950155],[-45.49739032520047,-23.63116924250524],[-45.49745936465123,-23.63131957554385],[-45.49745779247231,-23.63139181609514],[-45.49740527658018,-23.63146763246548],[-45.49724593091502,-23.63149630567608],[-45.4968013145885,-23.63125772609022],[-45.49648561338246,-23.63098087753234],[-45.49580897280388,-23.63053474638686],[-45.49519739356152,-23.63036534432437],[-45.49481004923679,-23.63011426840657],[-45.4944129829418,-23.63008433787112],[-45.49419825773522,-23.6304326826092],[-45.49409124513965,-23.63053459020901],[-45.49397764581988,-23.63057314042667],[-45.4935692569359,-23.63055654956446],[-45.49310258582217,-23.63068341807798],[-45.49280724970775,-23.6307095707023],[-45.4925216490996,-23.63065459723745],[-45.49226560502313,-23.63053693518962],[-45.49204862474595,-23.63037031012976],[-45.49177172320506,-23.63008513625013],[-45.49157951218834,-23.62973829424484],[-45.49113225266115,-23.62872274658878],[-45.49095196621021,-23.62847549528976],[-45.49070345416077,-23.62832183389841],[-45.49055906472061,-23.62828302532596],[-45.49034344381504,-23.62827902989554],[-45.49011921064005,-23.62836069667389],[-45.48982266151668,-23.62852684297787],[-45.48937823715936,-23.62889802593899],[-45.48924104439857,-23.62892258532098],[-45.48914757546208,-23.62885309947181],[-45.48905416308478,-23.62872489492305],[-45.48894626834113,-23.62822152144984],[-45.48879137577719,-23.6279340859459],[-45.488431473987,-23.62763381747692],[-45.48822374765787,-23.62740863888471],[-45.48802333119021,-23.62712939374781],[-45.48786895575471,-23.62684648360497],[-45.48776024235,-23.62646504955138],[-45.48775662840873,-23.62601329309299],[-45.48772174353537,-23.62578680164852],[-45.48760758142699,-23.62548656958683],[-45.48737663413026,-23.62506221651082],[-45.4873422275671,-23.62492607106089],[-45.4873715210575,-23.62465108292161],[-45.48752753388219,-23.62441006446375],[-45.48802612246791,-23.62385921522993],[-45.48860969401025,-23.62337317514012],[-45.48863377335066,-23.62322456429557],[-45.48859492313997,-23.62315157391726],[-45.48852649540156,-23.62311416987391],[-45.48826543384887,-23.62308674597025],[-45.48795879131161,-23.62312622962974],[-45.4874984640547,-23.62324416596508],[-45.48690355679017,-23.62346349495386],[-45.4866169143626,-23.62362530367992],[-45.48545227504307,-23.62442577034984],[-45.48518519100105,-23.62467375944997],[-45.48483205586776,-23.62507372606023],[-45.48446937418083,-23.62540576110641],[-45.48411494789151,-23.62558437412023],[-45.48386969061254,-23.62553465102528],[-45.4837351660904,-23.62543729900196],[-45.48366013807343,-23.62530943296927],[-45.48367234656691,-23.62511543356857],[-45.48384919338501,-23.62487480450628],[-45.48421479945495,-23.62449313897157],[-45.48431612222245,-23.62428724289154],[-45.48428456231933,-23.6239930586772],[-45.48387089275677,-23.62343431736087],[-45.48384743614573,-23.62318996899947],[-45.48403674740382,-23.62296763954186],[-45.48412910138795,-23.62291966702021],[-45.48437715869584,-23.622897171555],[-45.48497823754978,-23.62301221729767],[-45.48529294256423,-23.62296837237928],[-45.48551169368166,-23.62280078905301],[-45.48554860342621,-23.6227382381632],[-45.48563274212091,-23.62208484864048],[-45.48553065365788,-23.62154092597995],[-45.48548990147793,-23.6211065472985],[-45.48572776561221,-23.62056893315972],[-45.48570353138436,-23.62010775932716],[-45.48590314853646,-23.61989013470998],[-45.48594993546774,-23.61979614765158],[-45.48591025744191,-23.61970507333031],[-45.48577083666078,-23.61960763168636],[-45.4856394400231,-23.61959164257677],[-45.4853287137227,-23.61962201090012],[-45.48504975771639,-23.61954456298965],[-45.48494047081716,-23.61947026434901],[-45.48480551437406,-23.61919674522873],[-45.48464420135367,-23.61903565919769],[-45.48405513186362,-23.61884856449049],[-45.48359927879779,-23.61879041344503],[-45.48330937859446,-23.61868114149199],[-45.48321131567322,-23.61859801530311],[-45.48301234519174,-23.6183097549455],[-45.48292876588573,-23.61820883008258],[-45.4827999000756,-23.61816126834736],[-45.48256583983596,-23.61818853832424],[-45.48201929732337,-23.61835454540231],[-45.48127088113406,-23.61830902003599],[-45.48111306854003,-23.61832415464357],[-45.48080576170417,-23.61842233207664],[-45.48030951755352,-23.61883769702555],[-45.48011003200768,-23.61896497906092],[-45.47953497336246,-23.61908979519188],[-45.47937036075614,-23.61916352131718],[-45.47819018841827,-23.61994558093102],[-45.47787113932735,-23.62004805213965],[-45.47702626477255,-23.62018138894803],[-45.47688627455194,-23.62013813249921],[-45.47677881116113,-23.62003676012783],[-45.47674430398917,-23.61973800174496],[-45.47669673087771,-23.61958805810976],[-45.47647145228455,-23.61932640126057],[-45.47635423189883,-23.61913902647737],[-45.47621562943945,-23.61858538253502],[-45.47612841681065,-23.61853859067433],[-45.47587759955805,-23.61854747113521],[-45.47561229277333,-23.61871417568721],[-45.47535065310901,-23.61902097019777],[-45.47522146590034,-23.61909986927727],[-45.47501397586466,-23.61917279355581],[-45.47463978132988,-23.61924712802108],[-45.47419284083836,-23.61953692075066],[-45.474011075147,-23.61961032240584],[-45.47391971106323,-23.6196131368585],[-45.47385200040816,-23.61957122315216],[-45.47379949372508,-23.61936698469948],[-45.47395983780406,-23.61901313558975],[-45.47401520606788,-23.61861216092393],[-45.47410270609541,-23.61847828366821],[-45.47426311216858,-23.61837286547114],[-45.47453995090427,-23.61835092019738],[-45.47539871821245,-23.61839401472293],[-45.47562752730989,-23.61829890215592],[-45.47572488655848,-23.61810648743275],[-45.47572441726092,-23.61801614016207],[-45.47561640535449,-23.61785603733573],[-45.47546687791905,-23.61774484717472],[-45.47533242163085,-23.61772879363226],[-45.47509471221453,-23.61764306214417],[-45.47489330185518,-23.61749477016193],[-45.47461484041976,-23.61722760345398],[-45.47418033628759,-23.61717434075341],[-45.47403432441791,-23.61712645101744],[-45.47390153438654,-23.61700653786896],[-45.47384529107086,-23.61686094811084],[-45.47373530142562,-23.61679114630088],[-45.47348413597204,-23.61673226371379],[-45.4728525763915,-23.61677921530051],[-45.47268706303298,-23.61672644470752],[-45.47264421521546,-23.61661272199868],[-45.47265291699258,-23.61649544517109],[-45.47273558018945,-23.61630275814311],[-45.47271148599626,-23.61614421673365],[-45.47246788140618,-23.61593641545422],[-45.47219463307286,-23.61582291594087],[-45.47197740177878,-23.6156698086903],[-45.4719015967368,-23.6155780564223],[-45.47186644266596,-23.61536510671488],[-45.47173705266464,-23.61528590626718],[-45.47157401099033,-23.61526028142819],[-45.47135261709065,-23.61529680671562],[-45.47121497411399,-23.61539812973544],[-45.47107536364241,-23.61561685529497],[-45.47099183116403,-23.61604440523222],[-45.47115786244149,-23.61674310754837],[-45.47115051267092,-23.61721724633928],[-45.47102121488005,-23.61744068169333],[-45.47091186053972,-23.61756511593251],[-45.47065586558931,-23.61761454524167],[-45.47053049916085,-23.61760317313735],[-45.47041786062724,-23.61754235262146],[-45.47022019582738,-23.61733540397696],[-45.47005310374468,-23.61704772187087],[-45.46999606208626,-23.61660399910432],[-45.4699357506567,-23.61647640033548],[-45.46982667282668,-23.61639306132768],[-45.46972049392533,-23.61637301343628],[-45.46945753375001,-23.6165442673026],[-45.4693100402994,-23.61673122605348],[-45.46908304925138,-23.61679926149201],[-45.46890360054449,-23.61682301461776],[-45.46869365821686,-23.61672875838712],[-45.46821960208361,-23.61627273665367],[-45.46780898801913,-23.61605277620826],[-45.46681093432723,-23.61574054208293],[-45.46526688066746,-23.61515160331582],[-45.46499887029709,-23.61507884186291],[-45.46476459664584,-23.61508801512889],[-45.4646570440331,-23.61515827605467],[-45.4646410351226,-23.61535672271667],[-45.46472180037685,-23.61555697611031],[-45.46481956846332,-23.61568076058238],[-45.46528786640424,-23.61609151653392],[-45.46602174653306,-23.61660208721637],[-45.46620856174165,-23.61677270261803]]]}},{"type":"Feature","properties":{"id":2,"nome":"Balneario Copacabana","NM_BAIRRO":"Balneario Copacabana","fonte":"KMZ ajustado no Google Earth a partir da camada limite_bairro_teste"},"geometry":{"type":"Polygon","coordinates":[[[-45.3536469474318,-23.60812974497821],[-45.35241037290441,-23.60564460192796],[-45.35013403058803,-23.60397620496639],[-45.34805765710299,-23.60288021371043],[-45.34552332559708,-23.60423314343129],[-45.34468370973547,-23.60333164568651],[-45.34332029760223,-23.60022020509808],[-45.3413238226126,-23.59747092744649],[-45.3436035740121,-23.5964173843402],[-45.34741840928809,-23.59443188684373],[-45.35070654095504,-23.59443211122697],[-45.35371491718401,-23.59707718388516],[-45.35703955081786,-23.60054651658277],[-45.35992192683157,-23.60313858813891],[-45.3543304429889,-23.60857361508036],[-45.3536469474318,-23.60812974497821]]]}},{"type":"Feature","properties":{"id":3,"nome":"Barranco Alto","NM_BAIRRO":"Barranco Alto","fonte":"KMZ ajustado no Google Earth a partir da camada limite_bairro_teste"},"geometry":{"type":"Polygon","coordinates":[[[-45.44237112450923,-23.67934069304979],[-45.44235553615959,-23.68043844127652],[-45.44227091698508,-23.68068753132354],[-45.44199892439772,-23.68093108539487],[-45.44160000306071,-23.68103072062385],[-45.44068731892931,-23.68097536764463],[-45.44030653040628,-23.68115249722348],[-45.43996805168126,-23.6816672797967],[-45.43989552048926,-23.68227062419669],[-45.43999222886784,-23.68283521993539],[-45.44024004383181,-23.6832060802622],[-45.44076589440508,-23.68362675630989],[-45.44117690458169,-23.68375406582267],[-45.4416000029217,-23.68382048797744],[-45.44222256216514,-23.68375406529644],[-45.44252477545053,-23.68380941750396],[-45.44280885631486,-23.68406957180575],[-45.44297205104944,-23.68445149853069],[-45.44297205149718,-23.68504375962713],[-45.44282698933621,-23.68584635290767],[-45.44260939573278,-23.686399862506],[-45.44219838574338,-23.68699765038748],[-45.44158791516401,-23.68750133945656],[-45.44129174589754,-23.68764524993828],[-45.44048047946657,-23.68781607305642],[-45.44063817419108,-23.68812471199485],[-45.44080205403926,-23.68835689766484],[-45.44100612952263,-23.68852962173377],[-45.44122257428539,-23.68864854540298],[-45.44211927100163,-23.68903929589518],[-45.4425428828654,-23.68931112202643],[-45.4428397212593,-23.68957728401103],[-45.44308708542355,-23.68988591854117],[-45.44325096484905,-23.69016340473118],[-45.44336846246337,-23.69046637496657],[-45.44344885616401,-23.69076651219524],[-45.4434858682518,-23.69121276265689],[-45.44345873313664,-23.69164015276356],[-45.44339027475565,-23.6918861592222],[-45.44534274309466,-23.69229444225804],[-45.45188079645258,-23.69311340136865],[-45.45200301788599,-23.69246929329633],[-45.45239418369533,-23.68935925724811],[-45.45360349506977,-23.68739767357862],[-45.45356462575293,-23.68708067575985],[-45.45335912094975,-23.68678178274613],[-45.45260358744343,-23.68611203796296],[-45.45211400251672,-23.68589063352051],[-45.45163046084467,-23.68584635277952],[-45.45088701651353,-23.68591277422012],[-45.45046996185079,-23.6858518878856],[-45.45026445713024,-23.6856802996085],[-45.4499622436995,-23.68513232192673],[-45.44957541130658,-23.68471165078209],[-45.4493275964103,-23.68453452607688],[-45.4490012060982,-23.68452899097641],[-45.44878361186647,-23.68466183442535],[-45.44801599030482,-23.68592384421994],[-45.44787092824767,-23.68603454662657],[-45.44776213171404,-23.68602901089757],[-45.4475808035092,-23.68549210589578],[-45.44763520161725,-23.68510464633592],[-45.44788301655318,-23.68467290493891],[-45.44802203504813,-23.68432972423353],[-45.44804621174813,-23.68387583951261],[-45.44790719409232,-23.68370424892671],[-45.44698846555008,-23.68313965762683],[-45.44686758021814,-23.6827355856353],[-45.4470126422083,-23.68229276554932],[-45.44703681966905,-23.68214884911851],[-45.4469280226295,-23.68187208565034],[-45.44678315602015,-23.6816819283361],[-45.44674669536037,-23.68163406835838],[-45.4455136651452,-23.68063217801675],[-45.44544543545462,-23.68061286410014],[-45.44518123039997,-23.68053807695313],[-45.44459493652257,-23.68059896609849],[-45.44369434139315,-23.68101965013501],[-45.44353114626134,-23.68096983192322],[-45.44295694085099,-23.67940332928247],[-45.4428179229548,-23.67926494451493],[-45.44261846158809,-23.67923726731989],[-45.44237112450923,-23.67934069304979]]]}},{"type":"Feature","properties":{"id":4,"nome":"Benfica","NM_BAIRRO":"Benfica","fonte":"KMZ ajustado no Google Earth a partir da camada limite_bairro_teste"},"geometry":{"type":"Polygon","coordinates":[[[-45.40983074508743,-23.61367956443267],[-45.4095062853938,-23.61390391663377],[-45.40938780600387,-23.61403659803561],[-45.40904553327268,-23.6145391817271],[-45.40912451988063,-23.61488495757192],[-45.40906308607496,-23.61501361789274],[-45.40840486975896,-23.61589011510853],[-45.40868132042132,-23.61663392679998],[-45.40881296345182,-23.61685907937554],[-45.40928249163862,-23.61721691046417],[-45.40979994732032,-23.61748641584532],[-45.41112769224679,-23.61747824818539],[-45.41121472819812,-23.61885238098049],[-45.41205358392818,-23.61883116151002],[-45.41217041690702,-23.61891846092909],[-45.41273154712406,-23.61933774673978],[-45.41348061178188,-23.61845009007921],[-45.41501645106793,-23.61686196911313],[-45.41526218529648,-23.61676547533299],[-45.41555618830067,-23.61677351599502],[-45.41625681529565,-23.61705047774637],[-45.41715221549091,-23.61744447095048],[-45.41716004311678,-23.61719366685917],[-45.41714687908218,-23.61691222649583],[-45.41730046320956,-23.61663078500592],[-45.41842820707897,-23.61568996367532],[-45.42080750182778,-23.61728720379985],[-45.42166219599447,-23.61511114555366],[-45.41448824592732,-23.60883684864013],[-45.41055691509515,-23.61317744006415],[-45.40983074508743,-23.61367956443267]]]}},{"type":"Feature","properties":{"id":5,"nome":"Camaroeiro","NM_BAIRRO":"Camaroeiro","fonte":"KMZ ajustado no Google Earth a partir da camada limite_bairro_teste"},"geometry":{"type":"Polygon","coordinates":[[[-45.39551765478426,-23.62430152943977],[-45.39541610271574,-23.62513890162065],[-45.39537511724012,-23.62547685074071],[-45.39540232071569,-23.62551469748233],[-45.39551799251497,-23.62567562519245],[-45.39589370425709,-23.62592773010959],[-45.3966143165332,-23.62619455214201],[-45.39574545055363,-23.62721804897802],[-45.39576381368921,-23.62871626541788],[-45.39342047770035,-23.62928139947061],[-45.39329460284211,-23.63104006846578],[-45.39339207967498,-23.63100362237595],[-45.39391227523683,-23.63072460857663],[-45.39412981147726,-23.6306465791809],[-45.39435207693373,-23.63060165358924],[-45.39467090657709,-23.63058537636081],[-45.39504724835357,-23.63057564337348],[-45.39516311015038,-23.63054726874282],[-45.39523404586951,-23.63046923990447],[-45.39540192703454,-23.63011219616691],[-45.39548468550878,-23.63003180216139],[-45.39580389663907,-23.62994431515525],[-45.39599778767537,-23.62988520168787],[-45.39651325449476,-23.62987574318161],[-45.39670951009096,-23.62982845274729],[-45.39724190687735,-23.62959412235999],[-45.39753236564322,-23.62941939025369],[-45.39769078881673,-23.62924914386625],[-45.39774531536688,-23.62911188781529],[-45.39773428130648,-23.6290057409068],[-45.39766140658141,-23.62887819265865],[-45.39747155419725,-23.62863266885393],[-45.39730773500521,-23.6283695395887],[-45.39724152863829,-23.62797939347251],[-45.39727936098061,-23.62754195555241],[-45.39744741970091,-23.62639329499967],[-45.39770431045942,-23.62607556169732],[-45.39784528124224,-23.62575731139572],[-45.39803669820648,-23.62526234105401],[-45.39822415733488,-23.62490170047691],[-45.39843679640902,-23.62463181488197],[-45.39851246176471,-23.62459516418748],[-45.39858398843105,-23.62462472114414],[-45.3986631665768,-23.62474559583993],[-45.39885413609199,-23.62528028621709],[-45.39888250981369,-23.62530866048018],[-45.39890911078965,-23.62532107421499],[-45.3989398495828,-23.62531043339584],[-45.39895994865875,-23.62527614825193],[-45.39896585989744,-23.6252259019877],[-45.39894812617101,-23.62518274928184],[-45.39876941168087,-23.62455513016629],[-45.3987347273468,-23.62436048503518],[-45.3987820181651,-23.62425762786444],[-45.39899127851877,-23.62409802262424],[-45.39940906893337,-23.62390317101596],[-45.3992426924885,-23.62348483977567],[-45.39831399788019,-23.62397936012113],[-45.39792770286402,-23.62401814622883],[-45.39713394784915,-23.62403269071163],[-45.39551765478426,-23.62430152943977]]]}},{"type":"Feature","properties":{"id":6,"nome":"Canta Galo","NM_BAIRRO":"Canta Galo","fonte":"KMZ ajustado no Google Earth a partir da camada limite_bairro_teste"},"geometry":{"type":"Polygon","coordinates":[[[-45.40334321007945,-23.61053848139491],[-45.40983074508743,-23.61367956443267],[-45.41055691509515,-23.61317744006415],[-45.41448824592732,-23.60883684864013],[-45.41184239448458,-23.60652256368758],[-45.41164554514124,-23.60616398247505],[-45.41163912501271,-23.60616121474889],[-45.41148868835764,-23.60609636208665],[-45.4114701631535,-23.60608837669303],[-45.41134370980085,-23.60601240985669],[-45.41133376763657,-23.60600643765304],[-45.41126326313385,-23.60596408272664],[-45.41116959534424,-23.60590781117589],[-45.41107416095285,-23.6058504793021],[-45.41101341646925,-23.60579712833777],[-45.41092767524245,-23.60572182205075],[-45.41084821279095,-23.60565203065928],[-45.410735207513,-23.6055527787429],[-45.41063149261799,-23.60546168660243],[-45.41054743451824,-23.60538785699097],[-45.41046881086466,-23.60531880114264],[-45.41036450464409,-23.6052271891996],[-45.41028199647813,-23.60517287387036],[-45.41017211338806,-23.60510053943562],[-45.41005307923324,-23.60502217905812],[-45.41003240977345,-23.60500857365347],[-45.40981762456833,-23.60492349637039],[-45.4097215034259,-23.60488542113691],[-45.40968502190631,-23.60487097131111],[-45.40942916057413,-23.60480428111699],[-45.4092127948509,-23.60474788473476],[-45.40907836783083,-23.60471284654399],[-45.40894292163753,-23.60467754174885],[-45.40884377968271,-23.60465169953734],[-45.40871791984225,-23.60459457094374],[-45.40867758813863,-23.60457626415979],[-45.40849242245613,-23.60443664864645],[-45.40840611142616,-23.60437156822667],[-45.40837029901037,-23.60434456644132],[-45.40829978066331,-23.60426897655096],[-45.4082024299661,-23.60416462151398],[-45.40812866741727,-23.6040855534891],[-45.40806439423007,-23.60401665648273],[-45.4079677490395,-23.60391305817494],[-45.40794129535598,-23.60388470119619],[-45.40779776210292,-23.60380606107688],[-45.40771068610781,-23.60375835194698],[-45.40759493446735,-23.60375614838543],[-45.40749300616983,-23.60379861168072],[-45.40741866581049,-23.60382958171186],[-45.40730997552654,-23.60393659420332],[-45.40715300094341,-23.60409114623252],[-45.40699653707841,-23.60424519545638],[-45.4069280840195,-23.60431259092669],[-45.40687609499101,-23.60434755324168],[-45.40677493491558,-23.60441557991533],[-45.40674518912715,-23.60443558374433],[-45.40673729712936,-23.60443923190795],[-45.4066308026073,-23.60448846659812],[-45.40648949233143,-23.6045537972203],[-45.40644491122598,-23.60457440797937],[-45.40630966080766,-23.60458646639289],[-45.4062361717482,-23.60459301762578],[-45.4062266118226,-23.60459169768347],[-45.40613048796028,-23.60457842824238],[-45.40598475529492,-23.60455830987607],[-45.40597046493656,-23.60455633748725],[-45.40595025797354,-23.60454602631781],[-45.40580153569758,-23.60447014021697],[-45.4056346152919,-23.60438496722765],[-45.40551068100355,-23.60432172856127],[-45.40537180038847,-23.60420123505365],[-45.40532436816697,-23.60416008442554],[-45.40527713725101,-23.60410246050981],[-45.40522416744261,-23.6040378350344],[-45.40513848098374,-23.60393329404925],[-45.40509118234352,-23.60387558715027],[-45.40500655047735,-23.60368255188076],[-45.40496936063605,-23.60359772891019],[-45.40491773395437,-23.60342135845271],[-45.40486590137561,-23.60324428396671],[-45.40482709093766,-23.60311169989646],[-45.40477478423273,-23.60301893507593],[-45.40470421554886,-23.60289378718996],[-45.40464515019317,-23.6027890356119],[-45.40459880526489,-23.60270684410563],[-45.40454822948892,-23.60261714938712],[-45.40452101567367,-23.60258830693304],[-45.4044733136971,-23.60254936791007],[-45.40443143163579,-23.6024131470693],[-45.40439508500195,-23.60229492641542],[-45.40440888501596,-23.60221827596492],[-45.40442432533725,-23.60213251908968],[-45.40444128161035,-23.60203833807413],[-45.40448910884312,-23.60189896151817],[-45.40455758484275,-23.60169941106837],[-45.40458642522129,-23.60161536616726],[-45.40463555489963,-23.60147219066992],[-45.40467073213115,-23.60136967924971],[-45.40463213063339,-23.6012605350484],[-45.40454341610297,-23.6011730225957],[-45.40436476827066,-23.60111889574942],[-45.40432068369554,-23.60110553841202],[-45.40412993579882,-23.6010795134122],[-45.40393369774691,-23.60105273829993],[-45.40385889969685,-23.60104253270589],[-45.40370065684599,-23.60099561333016],[-45.40353327463028,-23.60094598517908],[-45.40341292943304,-23.60088255568803],[-45.40336433212629,-23.60085694171951],[-45.40323260708174,-23.60074787912961],[-45.40306179259553,-23.60060645200196],[-45.40299019115577,-23.60054716807366],[-45.40291832508171,-23.60038776923237],[-45.40285029701968,-23.60023688446414],[-45.40276586684587,-23.60004961822829],[-45.40272931135961,-23.59996853521686],[-45.40263305798716,-23.59985319908666],[-45.40246500086155,-23.59965182104587],[-45.40227367714215,-23.59935908408999],[-45.40225658053217,-23.59922190955813],[-45.40223474157056,-23.59904666945437],[-45.40224478905462,-23.59867386509737],[-45.40225031433037,-23.59846889012401],[-45.40225311517548,-23.59836495189983],[-45.40216369388819,-23.59830904222552],[-45.40199844106992,-23.59830137323646],[-45.40179849986389,-23.59839241633207],[-45.40160304092083,-23.59844365714416],[-45.40126847021737,-23.5985313659559],[-45.40083002435081,-23.5985994153502],[-45.4005946173631,-23.59863594994313],[-45.40044718173176,-23.5986390842183],[-45.40027242239132,-23.59864279821857],[-45.40025870516905,-23.59864309009848],[-45.40007619958573,-23.5986125053541],[-45.39977660957171,-23.59850289566844],[-45.39948067007573,-23.598203640917],[-45.39936952510447,-23.59791106431152],[-45.39933547814907,-23.59782143998997],[-45.39937329359544,-23.59765075741726],[-45.39943912064189,-23.59735365013855],[-45.39952741718342,-23.59718152343624],[-45.39960892207555,-23.59702263428455],[-45.399615700134,-23.59701339726013],[-45.39978261340888,-23.59678592312464],[-45.4000003572548,-23.59648917237496],[-45.40014111385031,-23.59629734285995],[-45.40016132090838,-23.59626980456643],[-45.40028204386833,-23.59605524087566],[-45.4004427417217,-23.59576962739232],[-45.40045551341244,-23.59574692893433],[-45.40051775120952,-23.59556743590995],[-45.40050129527081,-23.59539999296872],[-45.40038471622087,-23.59527129249537],[-45.40024378686378,-23.59520220126588],[-45.40000545565988,-23.59508535696924],[-45.39990537599748,-23.59503629210335],[-45.39972755658113,-23.59490642099068],[-45.3995781157433,-23.59470663831406],[-45.39945222974235,-23.59453834401701],[-45.39939506744706,-23.59446192426714],[-45.39932223234585,-23.59432110974232],[-45.39923781528027,-23.59415790239052],[-45.39914494157047,-23.59397834510703],[-45.39907466482685,-23.59377847406907],[-45.39898025036791,-23.59350994848074],[-45.39894671366726,-23.59303953838658],[-45.3990062617149,-23.59257090615618],[-45.39897393975525,-23.59201921289706],[-45.39917087683168,-23.59162547562847],[-45.39948254575868,-23.59133330300207],[-45.39952528833194,-23.59131253548259],[-45.39932328610038,-23.59131036859278],[-45.39908435972792,-23.59130780673936],[-45.39865995011327,-23.59130325294021],[-45.39819183882476,-23.59129823102024],[-45.39782547697853,-23.59129430022667],[-45.3974752312919,-23.5912905423085],[-45.39747614651592,-23.59124981550633],[-45.39743470164569,-23.59118578544551],[-45.39721801057453,-23.59112292439483],[-45.39694299343917,-23.59115642573533],[-45.39667309524813,-23.59118930201047],[-45.39635088599429,-23.59126896838744],[-45.39597255799995,-23.59141613791555],[-45.39571585005103,-23.5915159973294],[-45.39563145962845,-23.59154882455727],[-45.39527801916575,-23.5916549931884],[-45.39488425736612,-23.5917016690156],[-45.39450844741157,-23.5916312454437],[-45.39436830672536,-23.59151645255502],[-45.39418661161045,-23.5913676198792],[-45.39398357995794,-23.59107916517357],[-45.39387763356704,-23.59105003718163],[-45.39379823158691,-23.59109368810682],[-45.39366648123413,-23.59125829832001],[-45.39347074961685,-23.59168761246512],[-45.3933500357878,-23.59195238337068],[-45.39317622971174,-23.59208005236523],[-45.39297668918209,-23.5920446165082],[-45.39286237867194,-23.59197618819032],[-45.39273677411762,-23.59190099942403],[-45.39268048201311,-23.59186730192768],[-45.39251360209858,-23.5918234566326],[-45.39244532100509,-23.59183570034898],[-45.39233958872508,-23.59193305094962],[-45.39226948064154,-23.59208077225634],[-45.39222399633077,-23.59236100673998],[-45.39218222406639,-23.59261835942958],[-45.39216276955886,-23.59273821541292],[-45.39216075903878,-23.59299924513691],[-45.39215898542889,-23.59322951818507],[-45.39215779990116,-23.59338330242559],[-45.39215640244473,-23.5935647071407],[-45.39214087042117,-23.59367112441076],[-45.39212090064481,-23.59380794764348],[-45.39190770405157,-23.59407940556244],[-45.39178829159778,-23.59415842608316],[-45.39156711856852,-23.59424001633463],[-45.39132246044331,-23.59427524139568],[-45.39104096857179,-23.59431576792038],[-45.39093502887534,-23.59437589195611],[-45.39079458825098,-23.59445559602371],[-45.39076622109148,-23.59457249619009],[-45.39077164342466,-23.59476683108372],[-45.39085377669424,-23.59503824068039],[-45.39094432865932,-23.59533746123605],[-45.3910375664311,-23.59564555763712],[-45.39109035356509,-23.59581998999306],[-45.39111262357833,-23.59589357864921],[-45.39110254223237,-23.59623216096995],[-45.39102241623093,-23.59646474123301],[-45.39100863364025,-23.59650474616324],[-45.39099896260394,-23.59653281949425],[-45.39095283551843,-23.59658499871005],[-45.39077514332855,-23.59678600430425],[-45.3905589683709,-23.59689027321319],[-45.39021601797038,-23.59691080919048],[-45.39002321946752,-23.59688578265425],[-45.3897670125225,-23.59685252462188],[-45.389600133748,-23.5969170830396],[-45.38955084152686,-23.59703809832491],[-45.38957269667117,-23.59734245172294],[-45.38958659930019,-23.59753604362848],[-45.38960865805683,-23.59784323453741],[-45.38938126367981,-23.59814603524976],[-45.38908924630105,-23.598217232367],[-45.38852204256222,-23.59821088341222],[-45.38843508642541,-23.59834472854686],[-45.38848046156103,-23.59842671520914],[-45.38855853297564,-23.5985677773675],[-45.38865996723366,-23.59875105004409],[-45.38869927172562,-23.59890989860991],[-45.38878269854463,-23.59903178544737],[-45.38885848960647,-23.59914251620471],[-45.3889217002735,-23.59923486634612],[-45.38902560160183,-23.59932010522545],[-45.38910143219135,-23.59938231345522],[-45.38936144032169,-23.59959561641588],[-45.38947638003182,-23.59974236108664],[-45.38954436999882,-23.59993337847098],[-45.38952235283993,-23.60047499757614],[-45.38959381112956,-23.60062090909086],[-45.38973885694978,-23.60065530624205],[-45.39034301197158,-23.60054491512264],[-45.39064708641734,-23.60059139016268],[-45.39081877562858,-23.60066694953729],[-45.39098067243845,-23.60082026893231],[-45.3912422981353,-23.6010680357223],[-45.39144089954517,-23.60130139042873],[-45.39158786862448,-23.60147407747959],[-45.39174386883231,-23.60164262815017],[-45.39198605453649,-23.60188629670074],[-45.39232677940049,-23.60211304986161],[-45.39248938648926,-23.60222126510395],[-45.39294344498223,-23.60252344260761],[-45.39346169052882,-23.60277275718003],[-45.393857820134,-23.6030357028754],[-45.39408529336701,-23.60318669648937],[-45.39417288547621,-23.60332387997779],[-45.39417963889314,-23.60351372369889],[-45.3938259913053,-23.60395414313954],[-45.39377731212552,-23.60407517163796],[-45.39380264713296,-23.60431053953943],[-45.39394272534995,-23.60467457846941],[-45.39393633161818,-23.60509453673835],[-45.39378101993793,-23.6056245709983],[-45.39364926129559,-23.60593005174966],[-45.39364924181579,-23.60593009334901],[-45.39342933707493,-23.60643993690931],[-45.39341644434007,-23.60645862100067],[-45.39314937644948,-23.60684562824605],[-45.39281438704299,-23.60716444363567],[-45.39220532131392,-23.60749156539165],[-45.39166414412585,-23.60769628163665],[-45.39150997495114,-23.60775460108034],[-45.39554283584991,-23.60922807651869],[-45.395640802034,-23.61170353795206],[-45.40334321007945,-23.61053848139491]]]}},{"type":"Feature","properties":{"id":7,"nome":"Capricornio I","NM_BAIRRO":"Capricornio I","fonte":"KMZ ajustado no Google Earth a partir da camada limite_bairro_teste"},"geometry":{"type":"Polygon","coordinates":[[[-45.35337483735369,-23.61053134077802],[-45.35186325585319,-23.60795092886977],[-45.35032858593851,-23.60775736898518],[-45.34882130689535,-23.60880115436251],[-45.34566186767201,-23.60429743906581],[-45.34819386538813,-23.60268641902841],[-45.3513084264085,-23.60487573331427],[-45.35289264630105,-23.60673041667046],[-45.35439836624384,-23.60895354136849],[-45.35337483735369,-23.61053134077802]]]}},{"type":"Feature","properties":{"id":8,"nome":"Caputera","NM_BAIRRO":"Caputera","fonte":"KMZ ajustado no Google Earth a partir da camada limite_bairro_teste"},"geometry":{"type":"Polygon","coordinates":[[[-45.42080750182778,-23.61728720379985],[-45.42049286804842,-23.6181118602815],[-45.42231942983501,-23.62010577618243],[-45.42234433863603,-23.62013675513095],[-45.42238915375965,-23.62029411141995],[-45.42239723669501,-23.62032295749793],[-45.42239814196606,-23.62033502344392],[-45.42239614848934,-23.62035137419909],[-45.42133167573726,-23.62165749346654],[-45.42042694883633,-23.62288758192939],[-45.41968022688963,-23.62379977669985],[-45.42111658685166,-23.62510388601751],[-45.42151310257879,-23.62516840204619],[-45.42467669255132,-23.62569463615016],[-45.42642653376144,-23.62347200933748],[-45.42703749640473,-23.62291830173186],[-45.42704129380611,-23.62291486071625],[-45.42644158354224,-23.62251281865001],[-45.42608172035175,-23.6224320733135],[-45.42467164428802,-23.62190050095177],[-45.42430944066933,-23.62181574199436],[-45.42506064456563,-23.62098626475829],[-45.4252634813586,-23.62074149658707],[-45.42577933713331,-23.61997720911623],[-45.42642608246994,-23.6193227395496],[-45.42657449897228,-23.61923208373882],[-45.42681691361174,-23.6191822232103],[-45.4271830087429,-23.61923208374894],[-45.42741058146409,-23.61919128848337],[-45.42759362989992,-23.61904623888672],[-45.42784222091786,-23.61873622376163],[-45.42794983088895,-23.61860202385584],[-45.4279795135924,-23.61847510495762],[-45.42792509399153,-23.61826206214467],[-45.4276975213109,-23.61789036898695],[-45.42766289140773,-23.61767279227447],[-45.4276529962199,-23.61753227374967],[-45.4275787877483,-23.61745521545737],[-45.42644092362028,-23.61697926412613],[-45.426371230401,-23.61693918480266],[-45.42597588325959,-23.61671182409796],[-45.42578788849379,-23.61664836407226],[-45.42539211002164,-23.61656223895972],[-45.42522885119016,-23.61648971311386],[-45.42517443103216,-23.61633106153599],[-45.42521058679705,-23.61589275741306],[-45.42515464262222,-23.61575538258886],[-45.42496664761219,-23.61543807746585],[-45.42480833650574,-23.61533382064009],[-45.42461539409823,-23.61530662310323],[-45.42434329633973,-23.61539728102091],[-45.42297429084476,-23.61614429244991],[-45.42166219599447,-23.61511114555366],[-45.42080750182778,-23.61728720379985]]]}},{"type":"Feature","properties":{"id":9,"nome":"Casa Branca","NM_BAIRRO":"Casa Branca","fonte":"KMZ ajustado no Google Earth a partir da camada limite_bairro_teste"},"geometry":{"type":"Polygon","coordinates":[[[-45.37986789604672,-23.60469945307505],[-45.37599519617147,-23.61107232425678],[-45.37634151392979,-23.61113454534605],[-45.37679660058718,-23.61139879963192],[-45.37848994629477,-23.61254308783376],[-45.37921490947171,-23.61293582844648],[-45.37992928976968,-23.61307643911096],[-45.38234759934392,-23.61320250387494],[-45.38310960531142,-23.61333341700609],[-45.38362819228608,-23.61354675630023],[-45.38399332009427,-23.61386191597337],[-45.3852630533737,-23.61272857817175],[-45.38639595408473,-23.61046988434791],[-45.3863570632933,-23.61046319223625],[-45.38632059981092,-23.61045691860683],[-45.38628963037005,-23.61045158965742],[-45.38624852510453,-23.61044451643316],[-45.38622348024706,-23.61042682425717],[-45.38618553823648,-23.61040002045572],[-45.38599219993447,-23.61026343964749],[-45.38588815254367,-23.61006030844802],[-45.38586602283159,-23.61001710360051],[-45.38586226742338,-23.60994170694453],[-45.3858556055699,-23.60980801656368],[-45.38584957890504,-23.60968704702562],[-45.38587179915471,-23.60960247371277],[-45.38589726112594,-23.60950555831594],[-45.3859256739917,-23.60939741256658],[-45.38595889611175,-23.60927096021606],[-45.38599465902766,-23.60913483936178],[-45.38602185414715,-23.60903132763593],[-45.38605435581849,-23.60890761935142],[-45.38608644057568,-23.60878549551144],[-45.38610699022723,-23.60870727894464],[-45.38611570172007,-23.6086317347573],[-45.38612580031383,-23.60854417646271],[-45.3861341800952,-23.60847151540263],[-45.38614362191805,-23.6083896456677],[-45.386152533193,-23.60831237936402],[-45.38616260685886,-23.60822502706938],[-45.38614389240654,-23.60811353718449],[-45.38612915753434,-23.60802576515261],[-45.3861085975571,-23.60790328536084],[-45.38605951661164,-23.60781437390978],[-45.38598020835091,-23.60767070605302],[-45.38594730651917,-23.60761110669966],[-45.38586543586096,-23.60754266599321],[-45.38575395319688,-23.60744947089019],[-45.38567885688802,-23.60738669566373],[-45.38566526340367,-23.60737533118302],[-45.38558654137616,-23.60728808835569],[-45.38546731041429,-23.60715595102999],[-45.38539567007643,-23.60707655701723],[-45.38526208557851,-23.60696764818371],[-45.38516148246793,-23.60688562788338],[-45.3850250823781,-23.60677442250858],[-45.38498715316684,-23.60674349948653],[-45.38485173105875,-23.60667273503713],[-45.38434709177768,-23.60641285233068],[-45.38424178677008,-23.60635946468867],[-45.38409258919157,-23.60628382262549],[-45.38396781043492,-23.60622563064919],[-45.38396776822864,-23.60622561088184],[-45.38388471736514,-23.60618748003859],[-45.38365882395981,-23.60608376321801],[-45.38352552933572,-23.60602581954495],[-45.38335136185901,-23.60595116427725],[-45.38308179640159,-23.60583561692584],[-45.38290347801205,-23.60575918202952],[-45.3827622227629,-23.60570998101973],[-45.38259166162567,-23.60565165328289],[-45.38245301421235,-23.60560423853621],[-45.38205618279776,-23.60546852949013],[-45.38198355959626,-23.60544369325376],[-45.38196520162436,-23.60543629644645],[-45.38184820406072,-23.60538915216367],[-45.38163596942409,-23.60530363199979],[-45.38146169228691,-23.60523340806024],[-45.3812394642017,-23.60514386167468],[-45.38115961077526,-23.60511168393047],[-45.38098346618656,-23.60505547090564],[-45.38070007305158,-23.60496503234602],[-45.38044614752045,-23.60488399627769],[-45.38030306154474,-23.60483833285659],[-45.38013573281179,-23.60478493260548],[-45.38001078355201,-23.60474505596511],[-45.37986789604672,-23.60469945307505]]]}},{"type":"Feature","properties":{"id":10,"nome":"Centro","NM_BAIRRO":"Centro","fonte":"KMZ ajustado no Google Earth a partir da camada limite_bairro_teste"},"geometry":{"type":"Polygon","coordinates":[[[-45.42097717110632,-23.62540937760077],[-45.41640012845955,-23.63120521504419],[-45.41621936639864,-23.63163889004085],[-45.41561554099223,-23.63155269426735],[-45.41494209547559,-23.63177228603884],[-45.41398995417362,-23.63047582502697],[-45.41045612869431,-23.6268754825023],[-45.40595406438025,-23.62372142516081],[-45.40762488814197,-23.61767661654007],[-45.40946360655552,-23.61811461948755],[-45.40983913561585,-23.61756453182274],[-45.41101917502687,-23.61751013633661],[-45.41127085897066,-23.61884393410817],[-45.41202805390128,-23.61893271800739],[-45.41251794430027,-23.61925240905776],[-45.4153130818711,-23.61685076817259],[-45.41610863576251,-23.6170573214387],[-45.41631118817657,-23.61757041300711],[-45.41618982372441,-23.61831717844333],[-45.41618868888453,-23.61875006432092],[-45.41615025877287,-23.61910758388839],[-45.41609220966609,-23.61973134576193],[-45.4159338627804,-23.61996861603678],[-45.4156768239415,-23.620485749358],[-45.41561771378282,-23.62065316723453],[-45.4153533127655,-23.62108810598956],[-45.41529160169339,-23.62122841668447],[-45.41514204948195,-23.6215132270512],[-45.41455371958751,-23.62228106941544],[-45.41490404310976,-23.62270939215689],[-45.4151189896503,-23.62292774972167],[-45.41658000939942,-23.62301487556626],[-45.41788881681926,-23.62322719256866],[-45.41868591636715,-23.62334475463375],[-45.4192024126403,-23.62361138223179],[-45.41999086433237,-23.62421812300098],[-45.42054848811576,-23.62466179985122],[-45.42097717110632,-23.62540937760077]]]}},{"type":"Feature","properties":{"id":11,"nome":"Cidade Jardim","NM_BAIRRO":"Cidade Jardim","fonte":"KMZ ajustado no Google Earth a partir da camada limite_bairro_teste"},"geometry":{"type":"Polygon","coordinates":[[[-45.38639595408473,-23.61046988434791],[-45.3852630533737,-23.61272857817175],[-45.38399332009427,-23.61386191597337],[-45.38436373923903,-23.61423525870145],[-45.38485057625266,-23.61486557480514],[-45.38515749547461,-23.61506436533426],[-45.38550674799892,-23.61512254893503],[-45.3866285896166,-23.61498678887414],[-45.3871313008891,-23.61502072869763],[-45.38765517993932,-23.61516618557226],[-45.38833781055013,-23.61541831054932],[-45.39533109754725,-23.61736336353533],[-45.39661026757294,-23.61533797792809],[-45.39551044686782,-23.61328542957296],[-45.395640802034,-23.61170353795206],[-45.39554283584991,-23.60922807651869],[-45.39150997495114,-23.60775460108034],[-45.39146409172675,-23.60777195640339],[-45.39138967319364,-23.60780010715736],[-45.39126177342414,-23.6078484883989],[-45.39114362848782,-23.60789317952988],[-45.39099077673453,-23.60795099925247],[-45.39089514836839,-23.6079871735528],[-45.39071925383712,-23.60805371058099],[-45.39064394789995,-23.60808219651624],[-45.39052056914969,-23.60812886764617],[-45.39043309560766,-23.60816195638902],[-45.39031857872232,-23.60820527475262],[-45.39024868041312,-23.60823705373836],[-45.39012534781797,-23.60829312557404],[-45.38998528177726,-23.6083568050552],[-45.38979422162954,-23.60844366817072],[-45.38970456571313,-23.60850162241999],[-45.3895819696319,-23.60858086963919],[-45.38947335208837,-23.60865107889978],[-45.38930357366773,-23.6087608254198],[-45.38915625994276,-23.60885604792563],[-45.38913917665733,-23.60887033335533],[-45.3890671659455,-23.60893055264717],[-45.38900612716832,-23.6089815952901],[-45.38893687766887,-23.60903950428932],[-45.38880298789633,-23.6091514681831],[-45.3886810057145,-23.60925347441645],[-45.38865490952278,-23.60928384232656],[-45.38857771693466,-23.60937367240009],[-45.38848998569906,-23.60947576527515],[-45.38843640303455,-23.60953811953491],[-45.38837623713737,-23.60960813453747],[-45.38829149777224,-23.60970674497348],[-45.38827625074456,-23.609720532536],[-45.38817290012587,-23.6098139866742],[-45.38810072099556,-23.6098792533604],[-45.38794529765109,-23.60997447061116],[-45.3878265529043,-23.61004721690545],[-45.38767517219319,-23.6101399569848],[-45.38757880670264,-23.61019899352141],[-45.38753201183984,-23.6102211444732],[-45.38734035584803,-23.6103118657127],[-45.38725593208522,-23.61033514017985],[-45.38713579790593,-23.6103682588691],[-45.38709093856502,-23.61038062616591],[-45.38700164591372,-23.61040524313819],[-45.38687319125218,-23.61044065587324],[-45.38681105843322,-23.61045778567018],[-45.38678545681022,-23.6104648434031],[-45.3867428941922,-23.61047657711164],[-45.3866757216675,-23.61048291551259],[-45.38658995727752,-23.61049100734563],[-45.38654394311521,-23.61049534827961],[-45.38650789348068,-23.61048914502152],[-45.38644910075255,-23.6104790294454],[-45.38639595408473,-23.61046988434791]]]}},{"type":"Feature","properties":{"id":12,"nome":"Condominio Verde Mar","NM_BAIRRO":"Condominio Verde Mar","fonte":"KMZ ajustado no Google Earth a partir da camada limite_bairro_teste"},"geometry":{"type":"Polygon","coordinates":[[[-45.3194365471732,-23.57934647577262],[-45.31590935618863,-23.57857202092509],[-45.31404454297483,-23.57844234534634],[-45.31172637206728,-23.57682303629601],[-45.30981934264766,-23.5754560069752],[-45.30703035347005,-23.57290085475181],[-45.30199975695826,-23.57078675465732],[-45.29444015555815,-23.57051789054841],[-45.2994942943103,-23.5679242514184],[-45.30034354680419,-23.56327643517397],[-45.30125717035149,-23.56314111422139],[-45.3029440559892,-23.56287019414185],[-45.32283629584452,-23.56409840836763],[-45.32369707172196,-23.56632445835712],[-45.32504188890299,-23.56840102689998],[-45.32553399818148,-23.56655583468867],[-45.32513125269379,-23.56533042268691],[-45.32571969751678,-23.5641327536425],[-45.32612978963566,-23.56389561360487],[-45.32660569661535,-23.56389554684154],[-45.32714672380582,-23.56410298031129],[-45.3275621903401,-23.56530123654056],[-45.32799095969919,-23.56430251004574],[-45.32969548773504,-23.56151648943433],[-45.33796179592663,-23.56328723142519],[-45.33759270174104,-23.56846953691987],[-45.33729719910394,-23.57369630468709],[-45.33319566597996,-23.57369588115639],[-45.32985806686646,-23.57389212278783],[-45.328534247072,-23.57572176991213],[-45.32303228268041,-23.58133627902308],[-45.3194365471732,-23.57934647577262]]]}},{"type":"Feature","properties":{"id":13,"nome":"Delfim Verde","NM_BAIRRO":"Delfim Verde","fonte":"KMZ ajustado no Google Earth a partir da camada limite_bairro_teste"},"geometry":{"type":"Polygon","coordinates":[[[-45.35574315033254,-23.6146296871617],[-45.35530794912881,-23.61624260891377],[-45.35374736505211,-23.61707790072456],[-45.35189928400706,-23.61461512715837],[-45.35089714720256,-23.61216042580838],[-45.3492907980955,-23.61008345449165],[-45.34876151105254,-23.60885904795796],[-45.35040154182866,-23.6077837714099],[-45.35189925129648,-23.60808530875952],[-45.35306080173796,-23.60995634106144],[-45.35334383640626,-23.61089454757156],[-45.35574315033254,-23.6146296871617]]]}},{"type":"Feature","properties":{"id":14,"nome":"Estrela D'Alva","NM_BAIRRO":"Estrela D'Alva","fonte":"KMZ ajustado no Google Earth a partir da camada limite_bairro_teste"},"geometry":{"type":"Polygon","coordinates":[[[-45.41648084550023,-23.61907760701594],[-45.4163582042484,-23.61922297929607],[-45.4158185833828,-23.62046147360151],[-45.41530078691204,-23.6213419549621],[-45.41514720255567,-23.62153895615233],[-45.41455890088354,-23.62205688016674],[-45.41528748549183,-23.62285011605746],[-45.41542351688091,-23.62292650348914],[-45.41552387969368,-23.62295421586889],[-45.41625100609698,-23.62296172153841],[-45.41846341097019,-23.62320926750013],[-45.41921652435461,-23.62340225687853],[-45.41966719196587,-23.62378794135847],[-45.41968022688963,-23.62379977669985],[-45.42042694883633,-23.62288758192939],[-45.42133167573726,-23.62165749346654],[-45.42239614848934,-23.62035137419909],[-45.42239814196606,-23.62033502344392],[-45.42239723669501,-23.62032295749793],[-45.42238915375965,-23.62029411141995],[-45.42234433863603,-23.62013675513095],[-45.42231942983501,-23.62010577618243],[-45.42049286804842,-23.6181118602815],[-45.42012028032322,-23.6178754590325],[-45.41984212041622,-23.61829181469892],[-45.41850162695434,-23.61999472422697],[-45.41757567984187,-23.61961032363811],[-45.41737163279875,-23.61946156504123],[-45.41648084550023,-23.61907760701594]]]}},{"type":"Feature","properties":{"id":15,"nome":"Gaivotas","NM_BAIRRO":"Gaivotas","fonte":"KMZ ajustado no Google Earth a partir da camada limite_bairro_teste"},"geometry":{"type":"Polygon","coordinates":[[[-45.4437439155786,-23.62394229520458],[-45.43576030653601,-23.63383756941235],[-45.43574489349825,-23.6338561998657],[-45.43594687692728,-23.63443766382177],[-45.43706737502665,-23.63605569109471],[-45.43802037744312,-23.63739172367671],[-45.43828252437537,-23.63776177673078],[-45.43827042781709,-23.63776885086682],[-45.43791256201688,-23.63797811751069],[-45.43805630524524,-23.63837994469215],[-45.43806248898597,-23.63860655433822],[-45.4377842041856,-23.63905410620946],[-45.43756157526489,-23.63916741074835],[-45.43738842014002,-23.63930904057668],[-45.43721526533162,-23.63964895142263],[-45.43712250373766,-23.6400851697734],[-45.4369555323946,-23.64203397126552],[-45.43685040188534,-23.64237954033262],[-45.4366423839571,-23.64273329346951],[-45.43767632951304,-23.64295174893932],[-45.44081629414114,-23.64365212161601],[-45.44262173077557,-23.64406417763436],[-45.44393894765344,-23.64436442169671],[-45.44841624924307,-23.64532179971081],[-45.45039516787705,-23.64578065819288],[-45.45069200555458,-23.64586563259855],[-45.45181225774873,-23.64627858436326],[-45.45195744123085,-23.64632529923338],[-45.45273425562067,-23.64335530571453],[-45.45380952923666,-23.63919420634216],[-45.45433507877755,-23.63719662669614],[-45.45867371184593,-23.63132080268232],[-45.45862943160397,-23.63118898289514],[-45.45871571402134,-23.6310279904505],[-45.45891621739653,-23.63082848326587],[-45.45902676528664,-23.63076304528025],[-45.45933782658713,-23.63057891253844],[-45.45952124613831,-23.63032036530172],[-45.45957599536751,-23.63000520654634],[-45.45969480960256,-23.62978610219514],[-45.45981439796989,-23.62967090018365],[-45.45999008709482,-23.62956616845868],[-45.46024784125207,-23.62941251413489],[-45.46038832437098,-23.62923898450711],[-45.46048149951385,-23.62882065571912],[-45.46047244228606,-23.62870887712109],[-45.46044777581268,-23.62840446936966],[-45.46035504781706,-23.62799621339484],[-45.46035461123125,-23.62776584285901],[-45.46040878975487,-23.6275319781639],[-45.46056624640405,-23.62722777413146],[-45.46067280343793,-23.62711386204852],[-45.46081540140569,-23.62696142120481],[-45.46108361259802,-23.62673881538954],[-45.46121989671451,-23.62662570339382],[-45.4612795657168,-23.62653196531119],[-45.46122243610719,-23.62642700738299],[-45.46108509393029,-23.62637475233592],[-45.4608281684643,-23.62643769913081],[-45.46060019957724,-23.62651475687199],[-45.4603370921609,-23.62660369243244],[-45.46008110898371,-23.62669021912899],[-45.45995949327597,-23.62671897344084],[-45.45959037404535,-23.62680624565289],[-45.45933757788206,-23.62686601367019],[-45.45912859661005,-23.62690084831436],[-45.45877725201336,-23.6269594130234],[-45.4585763840797,-23.62697376787612],[-45.45827641258484,-23.62699520496223],[-45.45785792354315,-23.62696478413898],[-45.45777909157277,-23.6269503912735],[-45.45752711602021,-23.62690438664082],[-45.45750453059914,-23.62689814401682],[-45.4570491850104,-23.62677229623298],[-45.45704009433545,-23.62676978306358],[-45.45672067869801,-23.62668150299001],[-45.45624923931665,-23.62659105804509],[-45.45596400491556,-23.62653633651328],[-45.45574112625464,-23.62651860288706],[-45.45524669814785,-23.62647926432632],[-45.45485004462229,-23.62644770454951],[-45.45435503888464,-23.62647012025119],[-45.45407407211114,-23.62648284310036],[-45.45379618182858,-23.62655880132843],[-45.4535566563389,-23.62662427305867],[-45.4533111463041,-23.62669138053554],[-45.45311351439325,-23.62674540058455],[-45.45290689703567,-23.62680187726627],[-45.45275963294975,-23.62684212968245],[-45.45260511107383,-23.62686806940529],[-45.45238083133885,-23.62690571891802],[-45.4522029786412,-23.62693557502521],[-45.45196243067292,-23.62689492767309],[-45.45187504705486,-23.62684204108429],[-45.45180852553084,-23.62680178260133],[-45.45166974839427,-23.62671779206866],[-45.45163086921166,-23.62667590486259],[-45.45149477160177,-23.62652927658704],[-45.45142600509231,-23.6264551876922],[-45.45137107243176,-23.6263960037538],[-45.45132932431444,-23.62631273232276],[-45.45128384406095,-23.62622201718311],[-45.45124137646807,-23.62613731074149],[-45.45119955448147,-23.62605389044874],[-45.45113650229571,-23.62592812773298],[-45.45110439829797,-23.6258640900733],[-45.45105660760441,-23.62576876865933],[-45.45103257506984,-23.62572083149766],[-45.45096421862549,-23.62558448624697],[-45.4509138607298,-23.62548403995751],[-45.45087727012243,-23.62533442026481],[-45.45082619136429,-23.62512555850756],[-45.4508353968719,-23.62495860507541],[-45.45086157053621,-23.6248840377014],[-45.45089944410732,-23.62477614149302],[-45.45094723014839,-23.62464000334053],[-45.45094701567908,-23.62463577312373],[-45.45094083733909,-23.62451340924116],[-45.45089334506553,-23.62447186660929],[-45.45085468946109,-23.62445865864646],[-45.45068351545717,-23.62440017343365],[-45.45054063231943,-23.62439910431189],[-45.45040262842208,-23.62439807238163],[-45.45028342581106,-23.62439717997133],[-45.45001174398649,-23.62435142705278],[-45.44989022732488,-23.62423728838271],[-45.449786022165,-23.62413941039235],[-45.44967705083597,-23.62398525445913],[-45.44959736728634,-23.62387252713601],[-45.44951744352692,-23.62375946355083],[-45.44943573708657,-23.62367783651306],[-45.44931667458744,-23.62355888856439],[-45.44919489047281,-23.6234372214746],[-45.44913872627114,-23.6234017371272],[-45.44900331258832,-23.62331618348567],[-45.4489376999945,-23.62328986552567],[-45.44876703354463,-23.62322140747795],[-45.44857163472798,-23.62321773617521],[-45.44849204536335,-23.62329754651374],[-45.44844329372461,-23.62339600208913],[-45.44846784797221,-23.62350486988287],[-45.44851709295647,-23.62357866611928],[-45.44859299776098,-23.62369241387352],[-45.44861283317801,-23.62372623036043],[-45.44870283420429,-23.62387967144402],[-45.44870160314871,-23.62389585860425],[-45.44869269118833,-23.62401306169753],[-45.44868122704433,-23.62416383166351],[-45.44867668109505,-23.62417760136471],[-45.44862790885816,-23.62432532864483],[-45.44856562669087,-23.62451397894232],[-45.44856218779471,-23.62463291309231],[-45.44855779466166,-23.6247848476679],[-45.44858641525686,-23.62485327763645],[-45.44865874425601,-23.62502621504988],[-45.44871202721207,-23.62515361486397],[-45.44873659929112,-23.625192150678],[-45.44881691523087,-23.62531810835835],[-45.44893649005851,-23.62550563289951],[-45.44898883473822,-23.62566019164198],[-45.44898736318503,-23.62578212069558],[-45.4488255828038,-23.62588473589158],[-45.44871762244973,-23.62595321398224],[-45.44857419506184,-23.62595806547227],[-45.44845314045501,-23.62596216027791],[-45.44837419460375,-23.62596482991968],[-45.44832214560186,-23.62595832243193],[-45.44818959278538,-23.62594174767828],[-45.44810106145236,-23.62593067747467],[-45.4479969556554,-23.62591766051362],[-45.44788393868481,-23.6259035283953],[-45.44769402817278,-23.62587978163857],[-45.44765443102806,-23.6258722534518],[-45.4475138629075,-23.62584552608865],[-45.44737432290913,-23.62581899525217],[-45.44728464500254,-23.62580194563641],[-45.44722966619812,-23.62579149268405],[-45.44716678563695,-23.62577953598514],[-45.44715554353476,-23.62577620827868],[-45.44707585669452,-23.62575261548225],[-45.44702420642823,-23.62573732226452],[-45.44698325658377,-23.62572519933702],[-45.44688719830713,-23.62569675796674],[-45.44678800277161,-23.62566738889561],[-45.44668331185109,-23.62563639346471],[-45.44648121747567,-23.62557655826171],[-45.44638394551344,-23.62554775786413],[-45.44622845746994,-23.6255017227428],[-45.44609162744807,-23.62546121051506],[-45.44607501330985,-23.62545706627662],[-45.44591833830333,-23.62541798659949],[-45.44564095914455,-23.62534879935911],[-45.44547267129549,-23.62530682242368],[-45.44522988948734,-23.62524626415967],[-45.44500226436463,-23.62515623493125],[-45.44472629139887,-23.62504708204577],[-45.44432443928304,-23.62476399272179],[-45.44421954520472,-23.62465812906271],[-45.44384999870079,-23.62410195092223],[-45.4437439155786,-23.62394229520458]]]}},{"type":"Feature","properties":{"id":16,"nome":"Getuba","NM_BAIRRO":"Getuba","fonte":"KMZ ajustado no Google Earth a partir da camada limite_bairro_teste"},"geometry":{"type":"Polygon","coordinates":[[[-45.36006859071897,-23.60305797927338],[-45.35752956657375,-23.60083623390553],[-45.35641908708631,-23.59989498025513],[-45.35392380851198,-23.59734041838655],[-45.3505673098554,-23.59456490154225],[-45.3473470601939,-23.59429902386423],[-45.34874440209986,-23.59403324856381],[-45.35083510555187,-23.59203178352235],[-45.35314931248164,-23.58832782547815],[-45.35590714163464,-23.58771743525917],[-45.35667933756286,-23.58893702592724],[-45.35512228318265,-23.59075738301859],[-45.35578181559603,-23.5931464159721],[-45.35589576398321,-23.594347010479],[-45.35604212055929,-23.59477603985368],[-45.35762656096836,-23.59428662937266],[-45.35794610392573,-23.5942128285867],[-45.35847517995797,-23.59403342055284],[-45.36172237425751,-23.59196469358485],[-45.36261810177028,-23.5931674263757],[-45.3644327144771,-23.59363373367448],[-45.36592372322692,-23.59263308875499],[-45.36699937726178,-23.59156213788409],[-45.36739131406084,-23.59290001291676],[-45.36947334246268,-23.59102493671086],[-45.3716620215941,-23.59316619853004],[-45.3703746854713,-23.59409868515889],[-45.3684654135877,-23.59489579147927],[-45.36684183455145,-23.59562458065339],[-45.36580098081758,-23.59529375833685],[-45.36402872520487,-23.59681332251273],[-45.36615150925624,-23.59865254609378],[-45.36579111469486,-23.59930682546666],[-45.36013087245158,-23.6029449408178],[-45.36006859071897,-23.60305797927338]]]}},{"type":"Feature","properties":{"id":17,"nome":"Golfinhos","NM_BAIRRO":"Golfinhos","fonte":"KMZ ajustado no Google Earth a partir da camada limite_bairro_teste"},"geometry":{"type":"Polygon","coordinates":[[[-45.44036047722482,-23.66942845073313],[-45.44191508768844,-23.66993042148389],[-45.44181702014924,-23.67020487249197],[-45.44786122547738,-23.67229260914434],[-45.44844871606324,-23.67246818583074],[-45.45375469043545,-23.67427491293493],[-45.45605518218132,-23.67507915313165],[-45.4584113311691,-23.67586073390369],[-45.4655013392191,-23.6783444219866],[-45.46748961668619,-23.6753283537201],[-45.4679472415834,-23.67480729744118],[-45.46906038296104,-23.67388978173097],[-45.46924590667211,-23.67365190638614],[-45.46692644303436,-23.67034118674333],[-45.46625490698166,-23.67022323338482],[-45.45785713917011,-23.66870668863027],[-45.4518204772747,-23.66756833155554],[-45.45035066277931,-23.66729497414321],[-45.45036147272556,-23.66708950601955],[-45.44405644660963,-23.66594053951964],[-45.43615932681992,-23.6644707124982],[-45.4360109079435,-23.66442539948147],[-45.43563342636952,-23.66424125498995],[-45.43569512416133,-23.66455122879876],[-45.43569532659219,-23.66455224348297],[-45.43653579384483,-23.66882698281823],[-45.43700964301398,-23.66847800620281],[-45.43714878573221,-23.66843835848749],[-45.43727556038631,-23.66845535040422],[-45.44036047722482,-23.66942845073313]]]}},{"type":"Feature","properties":{"id":18,"nome":"Ilha da Cocanha","NM_BAIRRO":"Ilha da Cocanha","fonte":"KMZ ajustado no Google Earth a partir da camada limite_bairro_teste"},"geometry":{"type":"Polygon","coordinates":[[[-45.31217873499447,-23.58295174026755],[-45.31251143345828,-23.58317580080971],[-45.31268054772092,-23.58369373580091],[-45.31256823222133,-23.58398682661254],[-45.31217643238974,-23.58405946057305],[-45.31160979208447,-23.58427720398258],[-45.31093387970137,-23.5842281555607],[-45.31028511143206,-23.5840333613037],[-45.31029862760574,-23.58349496427907],[-45.31066480385032,-23.58265024340743],[-45.3107259705917,-23.58224705786391],[-45.3108133229845,-23.58181471884705],[-45.31094496764523,-23.58158423586553],[-45.31102561518523,-23.58140413995137],[-45.311309583236,-23.5811457775605],[-45.31172197752505,-23.58148209139416],[-45.31203971843229,-23.58163660050445],[-45.31216035109237,-23.58227370427557],[-45.31215119668799,-23.58247565569149],[-45.31217873499447,-23.58295174026755]]]}},{"type":"Feature","properties":{"id":19,"nome":"Ilha do Tamanduá","NM_BAIRRO":"Ilha do Tamanduá","fonte":"KMZ ajustado no Google Earth a partir da camada limite_bairro_teste"},"geometry":{"type":"Polygon","coordinates":[[[-45.29611541245148,-23.5996027181172],[-45.29486223349894,-23.59956097213765],[-45.29464544127665,-23.59983654837283],[-45.29463669346192,-23.60015072619229],[-45.29541027166891,-23.60069890800754],[-45.29592315358201,-23.60143573861292],[-45.29437811564225,-23.60204723539582],[-45.29236672510491,-23.60166022432467],[-45.29141509565321,-23.60204183085925],[-45.29013863703381,-23.60146372245548],[-45.29018063246229,-23.60219235923175],[-45.2889472469061,-23.60219007101185],[-45.2878585958571,-23.60095695962286],[-45.28826630520683,-23.60045190650849],[-45.28616835973828,-23.59974206453371],[-45.28449896804905,-23.5997782646582],[-45.28442143489163,-23.5999354591044],[-45.28339119226208,-23.60114214474722],[-45.28250409831923,-23.60160326001491],[-45.28276076071554,-23.60094726326473],[-45.28259360083516,-23.60008896440889],[-45.28297502793102,-23.59934098356961],[-45.28221562975722,-23.5984234092175],[-45.28169022685622,-23.59806096174959],[-45.28155680900369,-23.5979398546678],[-45.28115767549328,-23.59761590224411],[-45.28143120212085,-23.59721059923262],[-45.28088280792964,-23.59655579530956],[-45.27981889498236,-23.59593586965833],[-45.28032584221587,-23.59514734529049],[-45.28067762025381,-23.59456124245317],[-45.28061394763741,-23.59350244772436],[-45.2808756901676,-23.59277504476598],[-45.28175088185561,-23.59281979001048],[-45.28236665105924,-23.59380376160949],[-45.28336780187233,-23.59389062432416],[-45.28357386196523,-23.59363608233912],[-45.28423631510115,-23.59393473601889],[-45.28446070407737,-23.59414690006427],[-45.28454877621729,-23.59418934987151],[-45.28520448342118,-23.59440168092762],[-45.28542309772045,-23.59448637175523],[-45.28589813583795,-23.59448728923607],[-45.28701747140386,-23.59432081805223],[-45.28775170263954,-23.5942800108553],[-45.28834039041188,-23.59291855223892],[-45.28842760541428,-23.59291871848597],[-45.28907774899977,-23.59240300195015],[-45.28977870347474,-23.59270628639745],[-45.28986651936773,-23.59287849450472],[-45.28991046730299,-23.59300736933554],[-45.29012874945766,-23.59330749940274],[-45.29112867829669,-23.59343748715284],[-45.29169268069158,-23.59356644736424],[-45.29233358165983,-23.59441519241505],[-45.29280558481381,-23.59462656261038],[-45.2930544578536,-23.59521348203089],[-45.2934300197905,-23.59579635163737],[-45.29336975220586,-23.59670255620048],[-45.29340596431281,-23.59702963457624],[-45.2938282730099,-23.59715268843231],[-45.29438037371229,-23.59715369619222],[-45.2946196750912,-23.59772227589397],[-45.29519582455185,-23.59824722779029],[-45.29572060067205,-23.5989280321093],[-45.29611541245148,-23.5996027181172]]]}},{"type":"Feature","properties":{"id":20,"nome":"Indaia","NM_BAIRRO":"Indaia","fonte":"KMZ ajustado no Google Earth a partir da camada limite_bairro_teste"},"geometry":{"type":"Polygon","coordinates":[[[-45.42151310257879,-23.62516840204619],[-45.41749070913449,-23.62994002850064],[-45.4164713286803,-23.63117823699573],[-45.41642211992943,-23.63125938480224],[-45.41639751649014,-23.63135405603517],[-45.41636799125,-23.6314802848709],[-45.41631386175446,-23.63156143229967],[-45.41625481193698,-23.63162003861752],[-45.41619084188526,-23.6316651201169],[-45.41609734614677,-23.63167413700921],[-45.41599892924901,-23.63166962814205],[-45.41587098772352,-23.63162003828612],[-45.41575288797743,-23.63158397349399],[-45.41562986827942,-23.63157044898988],[-45.4154428768188,-23.63157946483956],[-45.4152657274582,-23.63162454641253],[-45.41497902549894,-23.63176145319287],[-45.41514549423349,-23.63193948301348],[-45.41531951733303,-23.63212559101267],[-45.41550205262089,-23.63223244061614],[-45.4155618808704,-23.63226746217154],[-45.4156375460044,-23.63236322586135],[-45.4156357135053,-23.63245760562829],[-45.41563518133762,-23.63248499828063],[-45.41569192976591,-23.63262450580326],[-45.41592838244733,-23.63289879049953],[-45.41725015329479,-23.63462726021761],[-45.41855064274241,-23.63656144285223],[-45.42045408665739,-23.63924045153564],[-45.42097831555476,-23.64025506964192],[-45.42131417263445,-23.64090509593701],[-45.42956461436397,-23.63693484994162],[-45.42889050121211,-23.63558361088738],[-45.43136551901823,-23.63203275679795],[-45.43091162190072,-23.63118943824274],[-45.42642653376144,-23.62347200933748],[-45.42467669255132,-23.62569463615016],[-45.42151310257879,-23.62516840204619]]]}},{"type":"Feature","properties":{"id":21,"nome":"Ipiranga","NM_BAIRRO":"Ipiranga","fonte":"KMZ ajustado no Google Earth a partir da camada limite_bairro_teste"},"geometry":{"type":"Polygon","coordinates":[[[-45.39551765478426,-23.62430152943977],[-45.39713394784915,-23.62403269071163],[-45.39792770286402,-23.62401814622883],[-45.39831399788019,-23.62397936012113],[-45.3992426924885,-23.62348483977567],[-45.39940906893337,-23.62390317101596],[-45.40013570918448,-23.6234832459948],[-45.40051048629486,-23.62329881213628],[-45.40099994412542,-23.62317112812978],[-45.40146102640675,-23.62313447767236],[-45.40115839459028,-23.62120664838383],[-45.40138608450686,-23.62111479897287],[-45.40160329637343,-23.62107660458082],[-45.4018392377335,-23.62109105565514],[-45.40170316551796,-23.62018463891173],[-45.3984767673802,-23.62212996041649],[-45.39751590953941,-23.62264349900368],[-45.39638089389694,-23.62346102919022],[-45.39553613822227,-23.62414911442705],[-45.39551765478426,-23.62430152943977]]]}},{"type":"Feature","properties":{"id":22,"nome":"Jaraguazinho","NM_BAIRRO":"Jaraguazinho","fonte":"KMZ ajustado no Google Earth a partir da camada limite_bairro_teste"},"geometry":{"type":"Polygon","coordinates":[[[-45.43116590390959,-23.61630186624217],[-45.43117488761791,-23.61660820863822],[-45.43109410131611,-23.61711288717069],[-45.43088112121034,-23.61808522770929],[-45.43067548517485,-23.61852933873753],[-45.42990434915199,-23.61962615343037],[-45.42952316206748,-23.62002700893649],[-45.43284935306612,-23.62291486030629],[-45.43549242977437,-23.6254932107133],[-45.43794691902966,-23.62253449925602],[-45.43785651794482,-23.62234072343989],[-45.43774920680026,-23.62211069705761],[-45.43751241222997,-23.62175375169688],[-45.43745616656661,-23.62166896634162],[-45.43743969426864,-23.62164413532215],[-45.43738905607196,-23.62138571675287],[-45.43749238523335,-23.62117536808409],[-45.43765319279095,-23.62096158025009],[-45.43773358856588,-23.62085469622916],[-45.43772815437784,-23.62079587351368],[-45.43768836933916,-23.62076893503878],[-45.43759727440274,-23.62070725391263],[-45.43752229083389,-23.62065648469971],[-45.43740046275633,-23.62062322521318],[-45.43728709851949,-23.62059227669646],[-45.43710645095781,-23.62054295933491],[-45.43691116708017,-23.62048964631934],[-45.43682915117302,-23.62046725516693],[-45.43676933233364,-23.62043392811412],[-45.43667203692165,-23.62037972206378],[-45.43655371153914,-23.62031379936925],[-45.4364417965388,-23.62025144809192],[-45.43632707377541,-23.6201875311553],[-45.43628093898009,-23.62016182865549],[-45.43616053704621,-23.62012087747156],[-45.43602938948812,-23.62007766663152],[-45.43596993410017,-23.62005807766151],[-45.43586366211299,-23.62006059817099],[-45.43565173469047,-23.62006562640198],[-45.43553336345681,-23.62009146838137],[-45.43533493084993,-23.62013478705097],[-45.43518614304201,-23.62016726810705],[-45.43511848236339,-23.62018203907574],[-45.43492655488328,-23.62018144167352],[-45.43483172242289,-23.62018114648815],[-45.43470049198688,-23.62010854643147],[-45.43459503574714,-23.6200502051399],[-45.43442026546833,-23.61987977050156],[-45.43433053543232,-23.61979226494678],[-45.43423171788451,-23.6197249065895],[-45.43411926523225,-23.61964825296821],[-45.43400400323071,-23.61959572223845],[-45.43389820558964,-23.61954750420179],[-45.43388146639549,-23.61953987513356],[-45.43360738093373,-23.61950586218991],[-45.43355991516693,-23.61949997188883],[-45.43346673713438,-23.61948840944958],[-45.4333663176463,-23.61947594766071],[-45.4328718262302,-23.61950274618793],[-45.43244717969994,-23.61958506767786],[-45.43222595992386,-23.61958540663657],[-45.43214264838713,-23.619556731743],[-45.43209504295748,-23.61946549364454],[-45.43208397801084,-23.61935687722815],[-45.43212843054491,-23.61920414116418],[-45.43227217469914,-23.61896167191125],[-45.43231115307091,-23.61889592373868],[-45.43233620559914,-23.6188377140829],[-45.43236654568865,-23.61876722167145],[-45.43243457095776,-23.61860917011982],[-45.43244277467209,-23.61853349596845],[-45.4324581668984,-23.61839152990071],[-45.43247691592164,-23.61821859899185],[-45.43248930708334,-23.61810430620138],[-45.43253498754268,-23.61797053586353],[-45.43259352526664,-23.61779912261354],[-45.43270100099075,-23.61765889241049],[-45.43277780060034,-23.61755868694259],[-45.43288914738194,-23.61752030870167],[-45.4330884032629,-23.61745162836088],[-45.43326265679525,-23.61744136699339],[-45.43341933425918,-23.61748815718837],[-45.43360171559503,-23.61754262444933],[-45.43373793658709,-23.61766203272235],[-45.43378360842013,-23.61770206564468],[-45.43385381998119,-23.61776361145039],[-45.43393349809146,-23.61783345425889],[-45.43401845343309,-23.61787927192102],[-45.43412144186361,-23.61793481774425],[-45.43424593980275,-23.61800196164066],[-45.43435762331649,-23.61803036994681],[-45.43451857622528,-23.61807131111459],[-45.43468685616367,-23.61811411668786],[-45.43477190860607,-23.61813575169589],[-45.43486331965265,-23.61815900373388],[-45.43512824124761,-23.618226390194],[-45.43523729606505,-23.6182782636851],[-45.43535020661765,-23.61833197073083],[-45.43543824647304,-23.618373847079],[-45.43554442377839,-23.61842435095864],[-45.43564243525781,-23.61847097110486],[-45.43579198373838,-23.61849392841944],[-45.43591058841657,-23.61851213556921],[-45.4359345098263,-23.61851580695518],[-45.43607449473688,-23.61853729506697],[-45.4361456420885,-23.61854821693257],[-45.43619138860109,-23.61854386745661],[-45.43622046954683,-23.61854110215032],[-45.4364784191989,-23.61851657523978],[-45.43721596124405,-23.6184464444],[-45.43784927336493,-23.61849817691111],[-45.43834052591977,-23.6185383056606],[-45.43858179960758,-23.61855801322255],[-45.4389403103362,-23.61852863386996],[-45.43926173382495,-23.61843080158155],[-45.43948346333986,-23.61818654874758],[-45.4395232193339,-23.61805178969791],[-45.43952233843724,-23.61789819632616],[-45.43947408190682,-23.61772564318916],[-45.43935832887211,-23.61746891705684],[-45.4392217442692,-23.61716598503038],[-45.439151812833,-23.61701088438615],[-45.43905300487704,-23.61679173695885],[-45.43904270962577,-23.61660537207039],[-45.4390355199642,-23.61647522153614],[-45.43900536184216,-23.61637076313301],[-45.4389122386878,-23.61631480515625],[-45.43873002393344,-23.61632492192393],[-45.43842506173954,-23.61642356557958],[-45.43807024494441,-23.61653833427309],[-45.43766027877172,-23.61653963895314],[-45.43738715777257,-23.61642156658895],[-45.43716000081948,-23.61624100350705],[-45.43712523101892,-23.61621336515747],[-45.43696972235318,-23.61612461104224],[-45.43665012495413,-23.6160049736852],[-45.43655040479329,-23.61596764441886],[-45.43641684666621,-23.61588382029551],[-45.43634605505291,-23.61576052798526],[-45.43632415232575,-23.61561557272546],[-45.43635973393495,-23.61550331992881],[-45.43667815905885,-23.61531961445674],[-45.43697690447953,-23.61521868753061],[-45.43724800755308,-23.61512709717996],[-45.43784158972325,-23.61485381219486],[-45.43827171590583,-23.61457816118222],[-45.43828677394001,-23.61456851163545],[-45.438361269072,-23.61449874515086],[-45.43859637208328,-23.61427856816832],[-45.43879739510882,-23.61409030526767],[-45.43884775204124,-23.61391961013081],[-45.43884159352315,-23.61383818908645],[-45.43873073188936,-23.61358766739088],[-45.43871661659915,-23.61348735193613],[-45.43869950638329,-23.61336574797343],[-45.43884633564917,-23.61321042273504],[-45.43903678057185,-23.61309654094339],[-45.43923445381754,-23.61297833806578],[-45.43928709405554,-23.61289802513962],[-45.43927068900098,-23.61272607265457],[-45.43918816954481,-23.61263417854792],[-45.43888774834704,-23.61241738325623],[-45.43873826868611,-23.6123095135311],[-45.43857950492194,-23.61214552890711],[-45.43849947351375,-23.61206286769821],[-45.43849327374561,-23.61205646305975],[-45.43845385165478,-23.61199436806321],[-45.4383742744547,-23.61186902574588],[-45.43825191051319,-23.61158788499921],[-45.43822560781787,-23.61152745102153],[-45.43810143010857,-23.61138905593992],[-45.43791228619812,-23.61117825745155],[-45.43790673002856,-23.61116993606922],[-45.43781797524714,-23.61103701120154],[-45.43773808585618,-23.61091736444014],[-45.43768931098703,-23.61084431561995],[-45.43761641400423,-23.61064766001857],[-45.43756790813113,-23.61051680650456],[-45.43754204977046,-23.6102670016298],[-45.43753511478202,-23.61020000135465],[-45.4375566497319,-23.6100279353415],[-45.43757459421549,-23.60988455873857],[-45.43773401841577,-23.60957589471014],[-45.43791384209565,-23.60934361466972],[-45.43804067158333,-23.6091797864068],[-45.43811314083431,-23.60908617615925],[-45.4381830955846,-23.60891585036569],[-45.43816894714597,-23.60870617670988],[-45.43816142705951,-23.6085947378804],[-45.43818277533968,-23.60837832599929],[-45.43818558745824,-23.6083720982375],[-45.43830005687695,-23.60811855345232],[-45.43831235508146,-23.6080078390861],[-45.43832914159512,-23.60785671840897],[-45.43835212851445,-23.60764977160543],[-45.43842362705765,-23.60745263086157],[-45.4384676512402,-23.6073312452312],[-45.4384594325642,-23.60720461559375],[-45.43831812083237,-23.607111612437],[-45.43811603880491,-23.60715553100513],[-45.43787649083096,-23.60720759215994],[-45.43764256988229,-23.60725842943139],[-45.43743513344594,-23.60730351115333],[-45.43740012612171,-23.60731111945826],[-45.43727274407902,-23.60732431897064],[-45.4371320298988,-23.60733889905912],[-45.43692490695595,-23.60736036086066],[-45.43669939863533,-23.6073837284872],[-45.43660035941187,-23.60746124361535],[-45.43648333085222,-23.60755283593178],[-45.43633958028701,-23.60766534320535],[-45.43618311770523,-23.60778779930503],[-45.4360266939385,-23.60791022442883],[-45.43594987562928,-23.60797034594955],[-45.43585577767043,-23.60801374065801],[-45.43570491023941,-23.60801992870883],[-45.43553125981874,-23.60797599918953],[-45.43539066171492,-23.6078784904314],[-45.43521120232383,-23.60767999706565],[-45.43505132106904,-23.60750315930582],[-45.4349959657001,-23.60744193267902],[-45.43483418928351,-23.60735157059141],[-45.43465281306161,-23.60725026062956],[-45.43443301819796,-23.60718739218457],[-45.43412773311517,-23.60709687623664],[-45.43387321865224,-23.60702141420975],[-45.43365204627057,-23.60695583601656],[-45.43358852640316,-23.60693416453206],[-45.43317770555302,-23.60679400029797],[-45.43304941301967,-23.60675022864723],[-45.43286658767604,-23.60673322521609],[-45.43253862996303,-23.6067676843799],[-45.43238135840109,-23.60684150215573],[-45.43214164280396,-23.60701313717846],[-45.43207308742668,-23.60712024924648],[-45.43200764671791,-23.60731790325125],[-45.4319259520874,-23.6075646493111],[-45.43177821577654,-23.60776060549204],[-45.43159621428845,-23.60784773120005],[-45.43146050501244,-23.60791269761251],[-45.43121251748902,-23.60794626875701],[-45.43105058373317,-23.60796818885879],[-45.43081321942861,-23.60786884808629],[-45.4307522545411,-23.60779994245095],[-45.43074654773324,-23.60761303099688],[-45.43073666009767,-23.60728923074781],[-45.43059611858393,-23.60705169266875],[-45.43038384759551,-23.60689862089357],[-45.43022995342749,-23.60671051591117],[-45.43021717792035,-23.60637601907366],[-45.43032927339494,-23.60612970535054],[-45.43034083301286,-23.60570210552594],[-45.43034660354843,-23.60548862357727],[-45.43047616653606,-23.60528329088995],[-45.43079223701939,-23.60512213663916],[-45.43112887377814,-23.60503314912156],[-45.43143014505429,-23.60495351031192],[-45.43172036932535,-23.60474217868751],[-45.43191055917433,-23.60455130810732],[-45.43198985037701,-23.60447173364248],[-45.43209259268205,-23.60439912212668],[-45.43214247931013,-23.60436386554412],[-45.43219527326448,-23.60432655407173],[-45.43233590761345,-23.60428423424751],[-45.43258136705609,-23.60421036958631],[-45.43275594947909,-23.60415570753475],[-45.43297739097611,-23.60404123098657],[-45.43308329628608,-23.60398648366154],[-45.43330238063977,-23.603805424181],[-45.43330773176104,-23.60364743131281],[-45.43322880692038,-23.60358722089687],[-45.43308904779239,-23.60353489575258],[-45.43279198376067,-23.60348969220639],[-45.43241123959118,-23.60343175487754],[-45.4320185278983,-23.60322007751254],[-45.43176951080469,-23.60308585233179],[-45.43157754396516,-23.60298237857512],[-45.4313545954759,-23.60292396204192],[-45.43097833377018,-23.60287168298196],[-45.43069075845241,-23.60277139187039],[-45.43056648314316,-23.60267228149899],[-45.43056313006353,-23.60266960721722],[-45.43055393783437,-23.60265694554494],[-45.43051823918228,-23.60260776909621],[-45.42958855156396,-23.60318138172363],[-45.42941229190246,-23.60332270613169],[-45.42922868749242,-23.60358180024573],[-45.42799119845715,-23.60617271735669],[-45.42791041301319,-23.60647218386963],[-45.42792142906052,-23.60688941607849],[-45.42847591297897,-23.60850786284855],[-45.42871092525782,-23.6088308773646],[-45.42997411937368,-23.60995805513072],[-45.4302311644509,-23.61027770116882],[-45.4304110959384,-23.61066127451149],[-45.43050657014072,-23.61118279872249],[-45.43101331567232,-23.61537846928783],[-45.43116590390959,-23.61630186624217]]]}},{"type":"Feature","properties":{"id":23,"nome":"Jardim Aruan","NM_BAIRRO":"Jardim Aruan","fonte":"KMZ ajustado no Google Earth a partir da camada limite_bairro_teste"},"geometry":{"type":"Polygon","coordinates":[[[-45.42131417263445,-23.64090509593701],[-45.42258974039286,-23.64312255721102],[-45.42278314528073,-23.6434587666945],[-45.42438393002855,-23.64697481827079],[-45.42551180915358,-23.649646732724],[-45.42918980665642,-23.64857657134181],[-45.42907930886545,-23.64853786387379],[-45.42899468894453,-23.64842159377748],[-45.42881336068657,-23.64780148303786],[-45.42883149315914,-23.64766306449742],[-45.42889798024534,-23.64752464679349],[-45.42896446753243,-23.64748588946013],[-45.42909139656408,-23.64748035268701],[-45.42912766238538,-23.64742498499471],[-45.42910952943143,-23.64716475835791],[-45.42921832645277,-23.64656125232334],[-45.42932712299848,-23.64646158970006],[-45.42958702671071,-23.64641175911638],[-45.4298046197771,-23.64646159017115],[-45.43008265648523,-23.64661661953301],[-45.43022167500811,-23.64663323039504],[-45.43045135622434,-23.64640068552171],[-45.43044531270998,-23.64625119227611],[-45.43035464872843,-23.64615153061109],[-45.43013101082771,-23.6460241845721],[-45.43011287804147,-23.64589683827312],[-45.43019749733132,-23.64552033456311],[-45.43016123194305,-23.64531547261926],[-45.42996177099037,-23.64503309443813],[-45.42990737266629,-23.64481162038285],[-45.4300040813081,-23.64420256599158],[-45.43014914347846,-23.64408075562462],[-45.43036069214423,-23.6440475341482],[-45.43061455216807,-23.6441748818155],[-45.43081401236977,-23.64419702927954],[-45.43107996060036,-23.64412504974641],[-45.4315969455269,-23.643894236075],[-45.43114304298266,-23.64161390731773],[-45.43108874068661,-23.64126293388529],[-45.43095298719513,-23.64028186218058],[-45.43085645111552,-23.63988114092564],[-45.43075923314296,-23.63961221701527],[-45.43075147127453,-23.63959074565342],[-45.43073972805644,-23.63955826204137],[-45.43054874151995,-23.63902994907213],[-45.43030740118423,-23.63843024233951],[-45.42956461436397,-23.63693484994162],[-45.42131417263445,-23.64090509593701]]]}},{"type":"Feature","properties":{"id":24,"nome":"Jardim Atlantico","NM_BAIRRO":"Jardim Atlantico","fonte":"KMZ ajustado no Google Earth a partir da camada limite_bairro_teste"},"geometry":{"type":"Polygon","coordinates":[[[-45.42874884683694,-23.65740947426445],[-45.42957493832884,-23.65698104021678],[-45.43025793979391,-23.65645508745943],[-45.43074752571009,-23.65606754253356],[-45.43079587970847,-23.65596788789202],[-45.43078379097415,-23.65582947829246],[-45.43067499427391,-23.65571875018456],[-45.42982275335359,-23.65572428689537],[-45.42968977938616,-23.65564677717079],[-45.42969582392677,-23.65556373170211],[-45.42985297482662,-23.65522601184342],[-45.42997386011482,-23.65485507145072],[-45.43016123203009,-23.65455056853398],[-45.43045135664379,-23.65422391870627],[-45.43060850768955,-23.65413533572222],[-45.43063268407307,-23.65403014268809],[-45.43057224167864,-23.65389173095232],[-45.43039091395612,-23.65375331973636],[-45.43002825822181,-23.65347095971304],[-45.42994968243376,-23.6534543500669],[-45.42982275324983,-23.65346819120238],[-45.42976533296176,-23.65341559505223],[-45.42972302299215,-23.6532633418404],[-45.42977742093563,-23.65305295460404],[-45.43008567816008,-23.65266263098105],[-45.43012496586698,-23.65259342500369],[-45.43018843100827,-23.6521089783969],[-45.43020656379642,-23.65169927430107],[-45.43017936472211,-23.65158023880283],[-45.43000710311259,-23.65130064163166],[-45.42978044307831,-23.65101827664725],[-45.42957191637294,-23.65091861793028],[-45.42938756559676,-23.65090477682499],[-45.42931503524856,-23.65093799607308],[-45.42922134839241,-23.65099059352512],[-45.42917299484728,-23.65099613063776],[-45.42912463998279,-23.65095737404774],[-45.42910348544515,-23.65063071535713],[-45.42913975100349,-23.65053382515984],[-45.42937547701275,-23.65018501837677],[-45.429765332241,-23.64956214735563],[-45.42985297468243,-23.64948186629248],[-45.43019145306049,-23.64923825338884],[-45.4302095855552,-23.64916350861107],[-45.43018540898715,-23.64908045839305],[-45.43000105906486,-23.64891159003518],[-45.42966862418707,-23.64869012269645],[-45.42941476531661,-23.64860430429658],[-45.42918980665642,-23.64857657134181],[-45.42551180915358,-23.649646732724],[-45.42614077333175,-23.65109145885486],[-45.42692106744233,-23.65357657670135],[-45.42734977105691,-23.65475450543337],[-45.42767062221367,-23.65563607887312],[-45.42802552025429,-23.65677194662815],[-45.42808970067954,-23.65697735944274],[-45.42811483682647,-23.65705780769318],[-45.42821919192215,-23.65718011509702],[-45.42831793987169,-23.65721558303931],[-45.42845735887853,-23.65726565879869],[-45.42874884683694,-23.65740947426445]]]}},{"type":"Feature","properties":{"id":25,"nome":"Jardim Britania","NM_BAIRRO":"Jardim Britania","fonte":"KMZ ajustado no Google Earth a partir da camada limite_bairro_teste"},"geometry":{"type":"Polygon","coordinates":[[[-45.42918980665642,-23.64857657134181],[-45.42941476531661,-23.64860430429658],[-45.42966862418707,-23.64869012269645],[-45.43000105906486,-23.64891159003518],[-45.43018540898715,-23.64908045839305],[-45.4302095855552,-23.64916350861107],[-45.43019145306049,-23.64923825338884],[-45.42985297468243,-23.64948186629248],[-45.429765332241,-23.64956214735563],[-45.42937547701275,-23.65018501837677],[-45.42913975100349,-23.65053382515984],[-45.42910348544515,-23.65063071535713],[-45.42912463998279,-23.65095737404774],[-45.42917299484728,-23.65099613063776],[-45.42922134839241,-23.65099059352512],[-45.42931503524856,-23.65093799607308],[-45.42938756559676,-23.65090477682499],[-45.42957191637294,-23.65091861793028],[-45.42978044307831,-23.65101827664725],[-45.43000710311259,-23.65130064163166],[-45.43017936472211,-23.65158023880283],[-45.43020656379642,-23.65169927430107],[-45.43018843100827,-23.6521089783969],[-45.43012496586698,-23.65259342500369],[-45.43008567816008,-23.65266263098105],[-45.42977742093563,-23.65305295460404],[-45.42972302299215,-23.6532633418404],[-45.42976533296176,-23.65341559505223],[-45.42982275324983,-23.65346819120238],[-45.42994968243376,-23.6534543500669],[-45.43002825822181,-23.65347095971304],[-45.43039091395612,-23.65375331973636],[-45.43057224167864,-23.65389173095232],[-45.43063268407307,-23.65403014268809],[-45.43060850768955,-23.65413533572222],[-45.43045135664379,-23.65422391870627],[-45.43016123203009,-23.65455056853398],[-45.42997386011482,-23.65485507145072],[-45.42985297482662,-23.65522601184342],[-45.42969582392677,-23.65556373170211],[-45.42968977938616,-23.65564677717079],[-45.42982275335359,-23.65572428689537],[-45.43067499427391,-23.65571875018456],[-45.43078379097415,-23.65582947829246],[-45.43079587970847,-23.65596788789202],[-45.43074752571009,-23.65606754253356],[-45.43025793979391,-23.65645508745943],[-45.42957493832884,-23.65698104021678],[-45.42874884683694,-23.65740947426445],[-45.42876990897417,-23.65751272541662],[-45.42871853045101,-23.65761861120031],[-45.42864717194183,-23.65766957219391],[-45.42856914256097,-23.65771213329349],[-45.42847692574197,-23.65782563069883],[-45.42841544823577,-23.65795331537253],[-45.42838707401562,-23.65809991566142],[-45.42836815720396,-23.65825124542675],[-45.42836395074116,-23.65871435866014],[-45.42852421657982,-23.65935784457565],[-45.42871417474782,-23.66011416810013],[-45.429034953774,-23.66139133679486],[-45.42936726389321,-23.66304011522436],[-45.43562023800209,-23.66417499439008],[-45.43517946142044,-23.66196044905013],[-45.43452156616284,-23.65862831553165],[-45.43420205347999,-23.65720062972618],[-45.43404744998789,-23.65669083140359],[-45.43396705642361,-23.65628865529651],[-45.43367640285501,-23.6543740533987],[-45.4315969455269,-23.643894236075],[-45.43107996060036,-23.64412504974641],[-45.43081401236977,-23.64419702927954],[-45.43061455216807,-23.6441748818155],[-45.43036069214423,-23.6440475341482],[-45.43014914347846,-23.64408075562462],[-45.4300040813081,-23.64420256599158],[-45.42990737266629,-23.64481162038285],[-45.42996177099037,-23.64503309443813],[-45.43016123194305,-23.64531547261926],[-45.43019749733132,-23.64552033456311],[-45.43011287804147,-23.64589683827312],[-45.43013101082771,-23.6460241845721],[-45.43035464872843,-23.64615153061109],[-45.43044531270998,-23.64625119227611],[-45.43045135622434,-23.64640068552171],[-45.43022167500811,-23.64663323039504],[-45.43008265648523,-23.64661661953301],[-45.4298046197771,-23.64646159017115],[-45.42958702671071,-23.64641175911638],[-45.42932712299848,-23.64646158970006],[-45.42921832645277,-23.64656125232334],[-45.42910952943143,-23.64716475835791],[-45.42912766238538,-23.64742498499471],[-45.42909139656408,-23.64748035268701],[-45.42896446753243,-23.64748588946013],[-45.42889798024534,-23.64752464679349],[-45.42883149315914,-23.64766306449742],[-45.42881336068657,-23.64780148303786],[-45.42899468894453,-23.64842159377748],[-45.42907930886545,-23.64853786387379],[-45.42918980665642,-23.64857657134181]]]}},{"type":"Feature","properties":{"id":26,"nome":"Jardim Califórnia","NM_BAIRRO":"Jardim Califórnia","fonte":"KMZ ajustado no Google Earth a partir da camada limite_bairro_teste"},"geometry":{"type":"Polygon","coordinates":[[[-45.4163582042484,-23.61922297929607],[-45.41648084550023,-23.61907760701594],[-45.41737163279875,-23.61946156504123],[-45.41757567984187,-23.61961032363811],[-45.41850162695434,-23.61999472422697],[-45.41984212041622,-23.61829181469892],[-45.42012028032322,-23.6178754590325],[-45.42049286804842,-23.6181118602815],[-45.42080750182778,-23.61728720379985],[-45.41842820707897,-23.61568996367532],[-45.41730046320956,-23.61663078500592],[-45.41714687908218,-23.61691222649583],[-45.41716004311678,-23.61719366685917],[-45.41715221549091,-23.61744447095048],[-45.41625681529565,-23.61705047774637],[-45.41629677729859,-23.6191858711721],[-45.4163582042484,-23.61922297929607]]]}},{"type":"Feature","properties":{"id":27,"nome":"Jardim Capricornio","NM_BAIRRO":"Jardim Capricornio","fonte":"KMZ ajustado no Google Earth a partir da camada limite_bairro_teste"},"geometry":{"type":"Polygon","coordinates":[[[-45.3767529911422,-23.61129718460036],[-45.37555011052319,-23.61220783831878],[-45.37466123569403,-23.61431645302369],[-45.37628287714549,-23.61541845491469],[-45.37549878087436,-23.61838965320905],[-45.3735113117943,-23.61949201601421],[-45.37330259225998,-23.62251109866729],[-45.37523807641864,-23.62289434443544],[-45.37560431961271,-23.62327770063026],[-45.37471527599854,-23.6243799924428],[-45.37168153416446,-23.62533862520812],[-45.3641231046173,-23.62413486171298],[-45.36064281411241,-23.62209101872492],[-45.36189564396716,-23.62139357641043],[-45.35996481839517,-23.61839049568125],[-45.35745440782749,-23.61680918744917],[-45.35651302606564,-23.61551538044489],[-45.35703600474454,-23.61402990301643],[-45.35604234404305,-23.6147486802648],[-45.35478721073757,-23.61345486804586],[-45.3532183606703,-23.61062764555517],[-45.35447351023962,-23.60847132634699],[-45.35783380520858,-23.60540962934295],[-45.36012412490555,-23.60296646965991],[-45.36213360984247,-23.60164635922444],[-45.36544687718371,-23.5994421483152],[-45.3679131673959,-23.59773646789284],[-45.36942977214009,-23.5981675965712],[-45.36885459410885,-23.60013251729306],[-45.37000519129146,-23.60133043906777],[-45.36990064470306,-23.60219304847435],[-45.37058068683221,-23.60473280488057],[-45.36958707856152,-23.60564341123925],[-45.36922101919546,-23.60607473442296],[-45.37005773800237,-23.60525999465651],[-45.36916873519593,-23.60626642136644],[-45.36916876938584,-23.60674562502378],[-45.36937805463811,-23.60794360952103],[-45.37052869181225,-23.60851853617016],[-45.37194080391952,-23.6085663034175],[-45.37230695371475,-23.60899754540006],[-45.37256857125851,-23.61005176426848],[-45.37377163134222,-23.61101003496979],[-45.37549764267857,-23.61100982390208],[-45.37596839402163,-23.61110560486594],[-45.3767529911422,-23.61129718460036]]]}},{"type":"Feature","properties":{"id":28,"nome":"Jardim do Sol","NM_BAIRRO":"Jardim do Sol","fonte":"KMZ ajustado no Google Earth a partir da camada limite_bairro_teste"},"geometry":{"type":"Polygon","coordinates":[[[-45.34366167129674,-23.59040861367035],[-45.34536701188333,-23.58976438264681],[-45.34625876567076,-23.58992809583787],[-45.34669307055228,-23.59012665949431],[-45.34616262919818,-23.59124567943121],[-45.34560057209821,-23.59219817651011],[-45.34510850167094,-23.59313453841027],[-45.34467304223946,-23.594198981513],[-45.34369290815586,-23.59453848515227],[-45.34292576967846,-23.5947701396988],[-45.34217958929929,-23.59477518958727],[-45.34154124234878,-23.59458171809916],[-45.34157353014228,-23.59348635890611],[-45.34213520067182,-23.59276177180715],[-45.342571678133,-23.59194615000438],[-45.34366167129674,-23.59040861367035]]]}},{"type":"Feature","properties":{"id":29,"nome":"Jardim Jaqueira","NM_BAIRRO":"Jardim Jaqueira","fonte":"KMZ ajustado no Google Earth a partir da camada limite_bairro_teste"},"geometry":{"type":"Polygon","coordinates":[[[-45.42704129380611,-23.62291486071625],[-45.42703749640473,-23.62291830173186],[-45.42642653376144,-23.62347200933748],[-45.43091162190072,-23.63118943824274],[-45.43097956251761,-23.63115827691876],[-45.43102153739768,-23.63113902485857],[-45.4310309888172,-23.63113469007534],[-45.43147569668619,-23.62833917233191],[-45.43189461409625,-23.62854079650405],[-45.43210392186634,-23.62870900764106],[-45.4324821460755,-23.62917326906997],[-45.43320554411755,-23.62854416094435],[-45.43347727773591,-23.6283624936311],[-45.43492040280363,-23.62614208662622],[-45.43549242977437,-23.6254932107133],[-45.43284935306612,-23.62291486030629],[-45.42952316206748,-23.62002700893649],[-45.42775692301049,-23.62180533820635],[-45.42754862566681,-23.62201164410591],[-45.42721994015583,-23.62258477907548],[-45.42704129380611,-23.62291486071625]]]}},{"type":"Feature","properties":{"id":30,"nome":"Jardim Maristela","NM_BAIRRO":"Jardim Maristela","fonte":"KMZ ajustado no Google Earth a partir da camada limite_bairro_teste"},"geometry":{"type":"Polygon","coordinates":[[[-45.34393111655793,-23.58858170930135],[-45.34568466866352,-23.58958890027685],[-45.34434456001586,-23.59235132843428],[-45.34148580881342,-23.59524657912213],[-45.34047659617423,-23.59109493353869],[-45.34185287904818,-23.58987521750509],[-45.34393111655793,-23.58858170930135]]]}},{"type":"Feature","properties":{"id":31,"nome":"Lagoa Azul","NM_BAIRRO":"Lagoa Azul","fonte":"KMZ ajustado no Google Earth a partir da camada limite_bairro_teste"},"geometry":{"type":"Polygon","coordinates":[[[-45.35538584131685,-23.61977337134935],[-45.35340651465926,-23.61715181835961],[-45.35419272873018,-23.6169307987585],[-45.35533602058273,-23.61637836667653],[-45.35561432899289,-23.61515717550594],[-45.35596864650132,-23.61562224738925],[-45.35570501450155,-23.61625770673064],[-45.35565466969096,-23.61686775601989],[-45.35582822344842,-23.61797861098659],[-45.35628298302095,-23.61880243995551],[-45.35803338676537,-23.61962513214944],[-45.35865156787694,-23.62005111367553],[-45.35942965625105,-23.62054052896708],[-45.35964285862376,-23.62154550471273],[-45.35881687739739,-23.62200726540691],[-45.35671936699469,-23.62290274715049],[-45.35538584131685,-23.61977337134935]]]}},{"type":"Feature","properties":{"id":32,"nome":"Martim de Sá","NM_BAIRRO":"Martim de Sá","fonte":"KMZ ajustado no Google Earth a partir da camada limite_bairro_teste"},"geometry":{"type":"Polygon","coordinates":[[[-45.35958407668738,-23.6252010740797],[-45.36051097193054,-23.6258584127809],[-45.36074269508438,-23.62589624472792],[-45.36123924591346,-23.62574727998836],[-45.36171451588914,-23.62563141809018],[-45.36216614015655,-23.62557230487527],[-45.36262722306,-23.62560067971537],[-45.3634204467967,-23.62578204393757],[-45.36452357330963,-23.6261539787106],[-45.36560416226011,-23.62659850941104],[-45.36611253497386,-23.62686570085545],[-45.36659253416732,-23.62721565108227],[-45.36702277820485,-23.62762738573894],[-45.3671671143953,-23.62770274373595],[-45.36756671878858,-23.62769092053632],[-45.36794977244739,-23.6279060930998],[-45.36826898386009,-23.62833407245886],[-45.36848651975573,-23.62858707653933],[-45.36878208536689,-23.62924205035122],[-45.36916986855218,-23.62985682765924],[-45.36921952345779,-23.62998924112719],[-45.36912967155301,-23.630157122445],[-45.3690989772109,-23.63023668138794],[-45.36912021263161,-23.63028717093385],[-45.36922425173347,-23.6303179096786],[-45.36978899344899,-23.63033151628445],[-45.37016721454562,-23.63034062785772],[-45.37043488998768,-23.63027771285507],[-45.37058858456085,-23.63013347648544],[-45.37066401187154,-23.63001041059015],[-45.37108406909065,-23.62973256291892],[-45.37153203061767,-23.6294879613057],[-45.37213025592393,-23.62912382385446],[-45.37230050169997,-23.62890392343141],[-45.37261318267841,-23.62853560139615],[-45.37330542483691,-23.627785502174],[-45.37350404537463,-23.62771456633049],[-45.37377123703377,-23.62772165931538],[-45.37388237017252,-23.62762707864384],[-45.3739745863714,-23.62741900018402],[-45.37455153112446,-23.62684442004501],[-45.37467448626781,-23.62679712931673],[-45.37477123671017,-23.62680404044091],[-45.37496295890803,-23.62687043017429],[-45.37507645574737,-23.62688934650284],[-45.37517813021567,-23.62680422322076],[-45.37523960762539,-23.62584658985806],[-45.3752736197619,-23.62574194629554],[-45.37536019857371,-23.62565742755045],[-45.37545005105108,-23.62536186240294],[-45.37552098706553,-23.62514905444454],[-45.37585674911149,-23.62484639569501],[-45.37607192183947,-23.62448462295654],[-45.37617123121918,-23.62437821854195],[-45.3763225607799,-23.62434275095244],[-45.37738561357187,-23.62428726803709],[-45.37795644959899,-23.62431674127274],[-45.37855125016909,-23.62448470489205],[-45.37962107581247,-23.62511831548571],[-45.37982915426269,-23.62535003962784],[-45.38026422687503,-23.62564560520998],[-45.38068274860907,-23.62599082616337],[-45.3821369322375,-23.62747338425709],[-45.38249397629954,-23.62781151191565],[-45.38304987857916,-23.62864110224181],[-45.38379446509797,-23.62970786201298],[-45.38432411944184,-23.63042431330386],[-45.38509786117743,-23.6313641496054],[-45.38537160506778,-23.63176500055317],[-45.38578539653878,-23.63234667372714],[-45.38654677429648,-23.63325465170317],[-45.38721740262304,-23.63395210512281],[-45.38763562171207,-23.63435949561351],[-45.38793948056874,-23.63448657042767],[-45.38802890211146,-23.63450256475999],[-45.38895599582568,-23.6321616080113],[-45.38786952321359,-23.63096211916761],[-45.38819721408336,-23.63029850335993],[-45.38744285075543,-23.62993225091317],[-45.38904623713393,-23.62700886591739],[-45.3892261548943,-23.62669858536351],[-45.38953307410485,-23.62643193836519],[-45.39235022155938,-23.62509208390747],[-45.39146346747471,-23.62468692423471],[-45.39120194535675,-23.62449812081289],[-45.39076682145357,-23.62379321952493],[-45.39179461678181,-23.62188490594866],[-45.39182107487973,-23.62176369861345],[-45.39159353201196,-23.6214631021176],[-45.39145594737132,-23.62140492258114],[-45.39104319410831,-23.62133704634694],[-45.39104319421983,-23.6209879657282],[-45.3904632611229,-23.62076394994381],[-45.39181247027133,-23.61923844445359],[-45.39314173409969,-23.61861069709047],[-45.39358435967717,-23.61878014936659],[-45.39460980436644,-23.61776377652372],[-45.39524571051803,-23.61749856130292],[-45.39533109754725,-23.61736336353533],[-45.38833781055013,-23.61541831054932],[-45.38765517993932,-23.61516618557226],[-45.3871313008891,-23.61502072869763],[-45.3866285896166,-23.61498678887414],[-45.38550674799892,-23.61512254893503],[-45.38515749547461,-23.61506436533426],[-45.38485057625266,-23.61486557480514],[-45.38436373923903,-23.61423525870145],[-45.38399332009427,-23.61386191597337],[-45.38362819228608,-23.61354675630023],[-45.38310960531142,-23.61333341700609],[-45.38234759934392,-23.61320250387494],[-45.37992928976968,-23.61307643911096],[-45.37921490947171,-23.61293582844648],[-45.37848994629477,-23.61254308783376],[-45.37679660058718,-23.61139879963192],[-45.37565251053931,-23.61212728295227],[-45.37469050211468,-23.61423041031149],[-45.3762425333729,-23.61530065288776],[-45.37536939745939,-23.61823277117739],[-45.37353227882672,-23.61952461135798],[-45.37330407516441,-23.62247761144561],[-45.37532021489532,-23.62286062528369],[-45.37556917443478,-23.62330340332404],[-45.37463240022944,-23.62431241654167],[-45.37163208077592,-23.62530692655776],[-45.35943495265334,-23.62338924927187],[-45.35720881374098,-23.62390170339136],[-45.35739450243091,-23.62412223420729],[-45.357399253925,-23.62412757960035],[-45.35786979504194,-23.62460521340247],[-45.35822447405018,-23.62486058232613],[-45.35844201025653,-23.6249740795998],[-45.35865237902641,-23.62501177614269],[-45.35920338824245,-23.62510412907094],[-45.3594469344778,-23.62513723232615],[-45.35958407668738,-23.6252010740797]]]}},{"type":"Feature","properties":{"id":33,"nome":"Massaguaçu","NM_BAIRRO":"Massaguaçu","fonte":"KMZ ajustado no Google Earth a partir da camada limite_bairro_teste"},"geometry":{"type":"MultiPolygon","coordinates":[[[[-45.3419512901631,-23.59718476485918],[-45.34112805530757,-23.59765164729581],[-45.34025532615651,-23.59662564361979],[-45.33539428278782,-23.59102646632176],[-45.33197770204525,-23.58741432112491],[-45.32584993650796,-23.58261306271024],[-45.32323909698407,-23.58146418989337],[-45.32433225836874,-23.5805041080858],[-45.32577090164109,-23.57870351933463],[-45.32867350273596,-23.57539584503106],[-45.32985833237452,-23.57382656499771],[-45.33347307802066,-23.57376150182533],[-45.33934057876854,-23.57386780431388],[-45.33980338991342,-23.57172480229586],[-45.34020007097839,-23.57061470575497],[-45.34078284741317,-23.57154088038211],[-45.34116787758265,-23.57246306395643],[-45.34162023174964,-23.57289231864487],[-45.34213333694123,-23.57368705904495],[-45.34193106421378,-23.574539182621],[-45.34198669783579,-23.57556973466032],[-45.34366020899822,-23.57617494087966],[-45.34481698003315,-23.57653737269344],[-45.35091988243061,-23.58089102282362],[-45.35416646690966,-23.58314140187603],[-45.3547825202261,-23.58526160146213],[-45.35522493062174,-23.58512605247564],[-45.35557193026176,-23.58450035703304],[-45.3559192968425,-23.58428347680068],[-45.35610771357659,-23.58428358669168],[-45.35651077732188,-23.58420463341433],[-45.35693597930172,-23.58352640678329],[-45.3571238173583,-23.58326452645231],[-45.3577414667649,-23.58374742848841],[-45.35787433149419,-23.58418559432485],[-45.3578470697312,-23.58452135605855],[-45.3576687009252,-23.58518573074353],[-45.35695324877889,-23.58589789421952],[-45.35627396701731,-23.58652397288005],[-45.35628246693431,-23.58701166502209],[-45.35704759966918,-23.58738377915112],[-45.35647524043057,-23.58804492914972],[-45.35615235268978,-23.58806297458114],[-45.3559520915676,-23.58773344064265],[-45.35526003164644,-23.5878430935324],[-45.35314950736201,-23.58829757765132],[-45.3507373759918,-23.59211256850639],[-45.34861086294112,-23.59423521561455],[-45.34734068714947,-23.59441978846282],[-45.34196447663106,-23.59718577730426],[-45.34152186274707,-23.5944930733568],[-45.34212978557191,-23.59478118733184],[-45.34303708440168,-23.59472161332847],[-45.34461798049257,-23.59425922246315],[-45.3452498493917,-23.59281289811749],[-45.34626140911392,-23.59114997493245],[-45.34671909338241,-23.59008743514022],[-45.34577705432525,-23.58965397363999],[-45.34385315653974,-23.58864301002487],[-45.34287575418871,-23.58923210472644],[-45.34055785008508,-23.5907844491514],[-45.3419512901631,-23.59718476485918]]],[[[-45.29699609010301,-23.55564930919792],[-45.30043350463394,-23.56256556024877],[-45.3002729334102,-23.5640920410106],[-45.29966907619342,-23.5679080314846],[-45.29495591504149,-23.57029161790827],[-45.29394218785605,-23.57197513354131],[-45.29333089154013,-23.5696692875934],[-45.29189740973537,-23.56641125727069],[-45.29060914996991,-23.56432143771083],[-45.29148901916967,-23.56208922534934],[-45.29133544620016,-23.55814291677527],[-45.29275398539895,-23.55650364647787],[-45.29532448970231,-23.55564855484164],[-45.29699609010301,-23.55564930919792]]]]}},{"type":"Feature","properties":{"id":34,"nome":"Mococa","NM_BAIRRO":"Mococa","fonte":"KMZ ajustado no Google Earth a partir da camada limite_bairro_teste"},"geometry":{"type":"Polygon","coordinates":[[[-45.30925502159271,-23.57512956009527],[-45.30768523944717,-23.57591135426713],[-45.30568573969291,-23.57617091307068],[-45.30363687081071,-23.57512731629145],[-45.30121085936966,-23.57355531434599],[-45.29836635929312,-23.57223856500715],[-45.29437561829016,-23.57190674626883],[-45.29451719012178,-23.57065048270445],[-45.29835433876497,-23.57051995338421],[-45.30221753038091,-23.57098547592646],[-45.30631370126238,-23.57230807646237],[-45.3084594634654,-23.57408291171658],[-45.30925502159271,-23.57512956009527]]]}},{"type":"Feature","properties":{"id":35,"nome":"Morro do Algodão","NM_BAIRRO":"Morro do Algodão","fonte":"KMZ ajustado no Google Earth a partir da camada limite_bairro_teste"},"geometry":{"type":"Polygon","coordinates":[[[-45.44678315602015,-23.6816819283361],[-45.4469280226295,-23.68187208565034],[-45.44703681966905,-23.68214884911851],[-45.4470126422083,-23.68229276554932],[-45.44686758021814,-23.6827355856353],[-45.44698846555008,-23.68313965762683],[-45.44790719409232,-23.68370424892671],[-45.44804621174813,-23.68387583951261],[-45.44802203504813,-23.68432972423353],[-45.44788301655318,-23.68467290493891],[-45.44763520161725,-23.68510464633592],[-45.4475808035092,-23.68549210589578],[-45.44776213171404,-23.68602901089757],[-45.44787092824767,-23.68603454662657],[-45.44801599030482,-23.68592384421994],[-45.44878361186647,-23.68466183442535],[-45.4490012060982,-23.68452899097641],[-45.4493275964103,-23.68453452607688],[-45.44957541130658,-23.68471165078209],[-45.4499622436995,-23.68513232192673],[-45.45026445713024,-23.6856802996085],[-45.45046996185079,-23.6858518878856],[-45.45088701651353,-23.68591277422012],[-45.45163046084467,-23.68584635277952],[-45.45211400251672,-23.68589063352051],[-45.45260358744343,-23.68611203796296],[-45.45335912094975,-23.68678178274613],[-45.45356462575293,-23.68708067575985],[-45.45360349506977,-23.68739767357862],[-45.45340747512498,-23.68821051428232],[-45.45349813856811,-23.68861456882534],[-45.45402399003742,-23.68900201803502],[-45.45429598145285,-23.68902415734261],[-45.45525701963043,-23.68878615407296],[-45.45538999368333,-23.68862563926774],[-45.45527515266393,-23.68815516454109],[-45.45534163983631,-23.68792269394332],[-45.45548670219002,-23.68790608839103],[-45.45652027159359,-23.68842637915809],[-45.45677412995309,-23.68868652405965],[-45.45737251303591,-23.6894503497384],[-45.45759615023954,-23.68957765363202],[-45.45817035567307,-23.68956658364105],[-45.45836981603865,-23.68939499993548],[-45.45842421437422,-23.68922341644987],[-45.45844839185298,-23.68862563928228],[-45.45872502493264,-23.68802345448013],[-45.45862367541373,-23.68794483358248],[-45.45861763155312,-23.68774003781564],[-45.45867807374128,-23.68741347096775],[-45.4588412687735,-23.68724741896033],[-45.4591495261555,-23.68696513161757],[-45.45925832290585,-23.68678247440379],[-45.45942151851015,-23.68612379967216],[-45.45957866923205,-23.68574187732911],[-45.45958471321644,-23.68553707820467],[-45.45952427133912,-23.68521050565196],[-45.45959680172511,-23.68496142449951],[-45.46004407811955,-23.68443558522165],[-45.46044299878325,-23.68408686863656],[-45.46098093905822,-23.68396509515507],[-45.46134963885007,-23.68384332093738],[-45.46153096731117,-23.6836495890341],[-45.46158536516315,-23.68334515227343],[-45.46165185269896,-23.6829742926773],[-45.46179087052293,-23.68287465848254],[-45.4619419772871,-23.68287465859189],[-45.46233485409872,-23.68294661672019],[-45.46255849154155,-23.68286358830768],[-45.46285466119158,-23.68254254438055],[-45.46295136955013,-23.68228792206697],[-45.46300576719039,-23.68200008827096],[-45.46322940492676,-23.68178421310028],[-45.46362832669404,-23.68170671870822],[-45.46382778777136,-23.68160154822813],[-45.4639244959016,-23.68139674293739],[-45.46389427437473,-23.68104801882352],[-45.46382174370395,-23.68060519295085],[-45.46385800868902,-23.68031735531477],[-45.4641058238233,-23.68006826457518],[-45.46438385992756,-23.67989666897286],[-45.46476464904905,-23.67951472827251],[-45.4655013392191,-23.6783444219866],[-45.4584113311691,-23.67586073390369],[-45.45605518218132,-23.67507915313165],[-45.45375469043545,-23.67427491293493],[-45.44844871606324,-23.67246818583074],[-45.44786122547738,-23.67229260914434],[-45.44181702014924,-23.67020487249197],[-45.44191508768844,-23.66993042148389],[-45.44036047722482,-23.66942845073313],[-45.4406231133652,-23.67058208827035],[-45.44155770498634,-23.67530163700841],[-45.44123467930217,-23.67531021240567],[-45.44086951987232,-23.67541311225771],[-45.44044818160189,-23.6756274882511],[-45.44019537876231,-23.67583328849002],[-45.43992385000278,-23.67612483811418],[-45.43978340457358,-23.67636493648221],[-45.43975531529039,-23.67657931104468],[-45.43977404112722,-23.67670793467586],[-45.43983021966348,-23.67699090746742],[-45.43994600705622,-23.67737406004468],[-45.44027078136772,-23.6783947997663],[-45.44038150036684,-23.67858407504988],[-45.4404922183159,-23.67868547232252],[-45.44066590848461,-23.67883038591834],[-45.44094270408765,-23.6789723412633],[-45.44119735668287,-23.67904669956469],[-45.44132652805187,-23.67907035890121],[-45.4417620209773,-23.67911091804379],[-45.44197238589678,-23.67912781748726],[-45.44210524819248,-23.67915823638779],[-45.44221965711677,-23.67919541537673],[-45.442297160607,-23.67924273384613],[-45.44235990126074,-23.6793137116625],[-45.44237112450923,-23.67934069304979],[-45.44261846158809,-23.67923726731989],[-45.4428179229548,-23.67926494451493],[-45.44295694085099,-23.67940332928247],[-45.44353114626134,-23.68096983192322],[-45.44369434139315,-23.68101965013501],[-45.44459493652257,-23.68059896609849],[-45.44518123039997,-23.68053807695313],[-45.44544543545462,-23.68061286410014],[-45.4455136651452,-23.68063217801675],[-45.44674669536037,-23.68163406835838],[-45.44678315602015,-23.6816819283361]]]}},{"type":"Feature","properties":{"id":36,"nome":"Olaria","NM_BAIRRO":"Olaria","fonte":"KMZ ajustado no Google Earth a partir da camada limite_bairro_teste"},"geometry":{"type":"Polygon","coordinates":[[[-45.36987390778705,-23.60188769253029],[-45.36978144973644,-23.60198540998238],[-45.36998049505709,-23.60226517938353],[-45.370065161848,-23.60254157376237],[-45.37009162067395,-23.60317194631736],[-45.3702239131233,-23.6035938085493],[-45.3706313742089,-23.6042290248965],[-45.37067370822438,-23.60455875364458],[-45.37063666617906,-23.60479635214429],[-45.37048320725519,-23.60508244006557],[-45.37020274655375,-23.60532003737364],[-45.36965240957769,-23.60563521678559],[-45.36943015767273,-23.60586311579645],[-45.36929257359729,-23.60627042318605],[-45.36907561305869,-23.60720140645189],[-45.36909148851208,-23.60755537242926],[-45.36921319782184,-23.60778326777923],[-45.36944586717811,-23.60799823529101],[-45.36985388252498,-23.60821558945097],[-45.37038834544137,-23.6084628793977],[-45.3705947213451,-23.60849682105243],[-45.37173243851166,-23.60851621566817],[-45.3720869831502,-23.60853561115679],[-45.37240448530927,-23.60874410940415],[-45.37254736128471,-23.60903018814522],[-45.37262144500037,-23.60975265566491],[-45.37273786203077,-23.61009691713333],[-45.37288602975217,-23.61026662375465],[-45.37402903840548,-23.61089695818086],[-45.3745846672599,-23.6110278739851],[-45.37580175960407,-23.61103757088202],[-45.37599519617147,-23.61107232425678],[-45.37986789604672,-23.60469945307505],[-45.37984842980173,-23.60470434127578],[-45.37985405968203,-23.60469503655517],[-45.37977500613511,-23.60466981124749],[-45.37965776455544,-23.60463239492095],[-45.3794987736536,-23.6045816544697],[-45.3794258245804,-23.60455837323682],[-45.37925029070393,-23.60450235364499],[-45.37904625717427,-23.60443753701157],[-45.37893379991554,-23.60440851149637],[-45.37880250616226,-23.60437462352969],[-45.3786618015653,-23.60433830604602],[-45.37843568089617,-23.60427994117038],[-45.37829893841143,-23.60424464612692],[-45.37816302977912,-23.60420956752062],[-45.37803847430757,-23.60417741752951],[-45.3779208274705,-23.60414705172692],[-45.37781700959297,-23.60412025439405],[-45.37771220299747,-23.60409320196676],[-45.37759576262311,-23.60406581374494],[-45.37748006423497,-23.60404422437843],[-45.37735601022974,-23.60402107542674],[-45.37719591615199,-23.60399120062464],[-45.37706562492815,-23.60396688693118],[-45.37693140110921,-23.60394184019301],[-45.37685598263795,-23.60391268530899],[-45.37676327423242,-23.603876847557],[-45.37668507589709,-23.60384661722633],[-45.37659130879177,-23.60381036914801],[-45.37648400514722,-23.60376888872029],[-45.37638300130295,-23.60372984259344],[-45.37637806552721,-23.6037279342227],[-45.37632949407719,-23.60369930112267],[-45.3762580694376,-23.60365719523199],[-45.37617458692787,-23.60360798094405],[-45.3761144495573,-23.60357252997254],[-45.37606123611036,-23.6035411603079],[-45.37604425828125,-23.60352841665574],[-45.37596252723886,-23.60346707171832],[-45.37586697848123,-23.60339535370348],[-45.3757341394385,-23.60329564616062],[-45.37567503651788,-23.60325128454209],[-45.37561755243459,-23.60320813748491],[-45.37553735021282,-23.60314793847143],[-45.37545497624883,-23.60308611066538],[-45.37539035212559,-23.60303760366677],[-45.37532346292084,-23.60298739765985],[-45.37525779375213,-23.60293810638915],[-45.37518451887209,-23.60288310768853],[-45.37512862246529,-23.60284115162459],[-45.37510617785625,-23.60282030436051],[-45.37505612810971,-23.60277381512589],[-45.3749888710315,-23.60271134536642],[-45.3748899107757,-23.60261942628764],[-45.37482854556192,-23.60256242774217],[-45.37474392708687,-23.60248383048401],[-45.37465804781819,-23.6024040610758],[-45.37457778222092,-23.60232950615835],[-45.37444784380124,-23.60220881312249],[-45.37439885296106,-23.60216330837975],[-45.3743266246982,-23.60209621837921],[-45.37426903771519,-23.60204272960564],[-45.37422842307763,-23.6020050033844],[-45.37416334654531,-23.6019445567251],[-45.37410475825515,-23.60189013542444],[-45.37403375383132,-23.60182418315408],[-45.37395782683827,-23.60175365774516],[-45.37391484393402,-23.60171373227863],[-45.37383300185291,-23.60163771205243],[-45.3737548835277,-23.60156515044286],[-45.37367618153434,-23.60149204733633],[-45.37356942987442,-23.60139288841841],[-45.37350495440523,-23.60133299824244],[-45.37342963236703,-23.60126303293913],[-45.37334811024355,-23.60118731065768],[-45.37328120464076,-23.60112516445863],[-45.37320958190507,-23.60105863519483],[-45.37311627787572,-23.6009719673669],[-45.3730112075563,-23.60087437026729],[-45.37298337325561,-23.6008485143943],[-45.37296965430029,-23.60082820497079],[-45.37293001917201,-23.60076953300061],[-45.37288748142785,-23.6007065630404],[-45.37283789824351,-23.60063316465574],[-45.37281380599974,-23.60059749936848],[-45.37278001763159,-23.60054748193051],[-45.37273913854284,-23.6004869675286],[-45.3726980178871,-23.60038743546408],[-45.37266224635027,-23.60030085327099],[-45.37262784271561,-23.60021758185626],[-45.37261310127258,-23.60018190042004],[-45.37260406356343,-23.60010326509868],[-45.3725916706246,-23.59999542902433],[-45.37258188530037,-23.59991027845373],[-45.37259617217546,-23.59986556338963],[-45.37261103614586,-23.59981904041426],[-45.37264412275547,-23.59971548416522],[-45.37267611728892,-23.59961534937794],[-45.37269663666161,-23.59955112603662],[-45.37269656844424,-23.59953565692481],[-45.37269637371141,-23.59949206593829],[-45.37269623432903,-23.59946077815889],[-45.37268833725673,-23.59944032105021],[-45.37264704502841,-23.59933335461205],[-45.37252596188508,-23.59925907987406],[-45.37241137284656,-23.59918878911384],[-45.37227119529305,-23.5991557098989],[-45.37208206491977,-23.59911107950228],[-45.37189031199959,-23.59906582828955],[-45.37176493041947,-23.59901096713215],[-45.37159056635629,-23.59893467303788],[-45.37140437026244,-23.59885320244173],[-45.37127414460499,-23.59882668511112],[-45.37112999585581,-23.59879733308438],[-45.37097442189901,-23.59876565431238],[-45.37084084924918,-23.59873845542183],[-45.37074464378892,-23.59870776372112],[-45.37062362525636,-23.59866915536672],[-45.37050933369192,-23.59863269327984],[-45.37041636453652,-23.59857746735573],[-45.37032982417981,-23.59852606039607],[-45.37019830055886,-23.59844793190572],[-45.37006922859967,-23.59837125893906],[-45.36998102002261,-23.59833687232664],[-45.36989857417809,-23.59830473099873],[-45.36972797877181,-23.59827702768026],[-45.36958297880755,-23.59825347969698],[-45.36949742364413,-23.59828240613139],[-45.36936811503906,-23.59832612635221],[-45.36933491023978,-23.59835432570475],[-45.369235567583,-23.59843869003208],[-45.36914557646747,-23.59852869010781],[-45.36909750130371,-23.5986145158991],[-45.36908142636947,-23.59868193029387],[-45.36904959034439,-23.59881544498705],[-45.36902030601875,-23.59893825445933],[-45.36902321953529,-23.59908311645826],[-45.36902691392977,-23.59926675096547],[-45.3690306687047,-23.59945339409334],[-45.36908166742569,-23.59966472312164],[-45.36912501272193,-23.59984434411399],[-45.36917851371751,-23.60006604202562],[-45.36927099940932,-23.60026275871236],[-45.369358532531,-23.60044894152336],[-45.3695167960193,-23.60069412150575],[-45.36970540348405,-23.60098630802839],[-45.36985237178674,-23.60121398942809],[-45.36986045308307,-23.60122650836909],[-45.36986705329278,-23.60124215251287],[-45.36990401510433,-23.60132976675592],[-45.36993876965121,-23.60141214822726],[-45.36995069229695,-23.60144040820157],[-45.36999301809227,-23.60154073751401],[-45.3699967444609,-23.6016569893665],[-45.37000055143829,-23.60177576745038],[-45.36992808086,-23.60183981522258],[-45.36987390778705,-23.60188769253029]]]}},{"type":"Feature","properties":{"id":37,"nome":"Parque Imperial","NM_BAIRRO":"Parque Imperial","fonte":"KMZ ajustado no Google Earth a partir da camada limite_bairro_teste"},"geometry":{"type":"Polygon","coordinates":[[[-45.35618717621899,-23.58377743089273],[-45.35457108978563,-23.58308613807603],[-45.35361393850786,-23.58280914179777],[-45.35243516318125,-23.58197662576623],[-45.35132697519463,-23.58114172220648],[-45.34895385990151,-23.57967481677264],[-45.35184456444716,-23.57601130824441],[-45.35244467491002,-23.57258855139632],[-45.353723249229,-23.57151082264465],[-45.35568631386698,-23.57006771309612],[-45.35719869355837,-23.56941600868159],[-45.35834084695343,-23.5683993733182],[-45.36162812558703,-23.56598912042504],[-45.36606997825745,-23.56737875670206],[-45.36900515164891,-23.57057277691198],[-45.36795138776687,-23.57057292046643],[-45.36763697370605,-23.5710780166218],[-45.36835716922458,-23.57222912138041],[-45.36952410743217,-23.5733757117233],[-45.36786632551894,-23.57373337947606],[-45.36491188968227,-23.57530134137659],[-45.36256115251389,-23.57728472997497],[-45.36149278302611,-23.57890391661276],[-45.36146989359128,-23.58030464020895],[-45.35841624688569,-23.58190729659879],[-45.35618717621899,-23.58377743089273]]]}},{"type":"Feature","properties":{"id":38,"nome":"Pegoreli","NM_BAIRRO":"Pegoreli","fonte":"KMZ ajustado no Google Earth a partir da camada limite_bairro_teste"},"geometry":{"type":"Polygon","coordinates":[[[-45.45097619992239,-23.70646230930948],[-45.45093876110793,-23.70669805583224],[-45.44855496668008,-23.71321708045474],[-45.44852088705595,-23.71328597840627],[-45.44823602627366,-23.71333813972524],[-45.44816806772257,-23.71342110169267],[-45.44771123138073,-23.71470354333965],[-45.44758040508624,-23.71525859462515],[-45.44699807262917,-23.71677417636564],[-45.44841148814169,-23.71727997697123],[-45.44756573455192,-23.7184166554761],[-45.44715714785305,-23.71950743803187],[-45.4491830475211,-23.7223277980141],[-45.44724969932454,-23.72334551227571],[-45.44569633949076,-23.72457065328946],[-45.44576043391473,-23.72462705582752],[-45.44582663970488,-23.72466961728704],[-45.44588811830149,-23.72470744941862],[-45.44596378316893,-23.72475474002434],[-45.44603944730788,-23.72479257274245],[-45.44607255136815,-23.72484459255829],[-45.44611038349067,-23.72491079860411],[-45.44612457038009,-23.72498646385308],[-45.44611984120084,-23.72505267071118],[-45.44609619592508,-23.72510941917727],[-45.44609146693598,-23.72521345834127],[-45.44609146695313,-23.72526074940357],[-45.44621915182635,-23.72538370438749],[-45.44632319080553,-23.72542626576431],[-45.44642723025858,-23.72547355644567],[-45.44650289437173,-23.72551611740056],[-45.44662585051125,-23.72552084675251],[-45.44679136720045,-23.72552557591003],[-45.44685757362239,-23.72551138890788],[-45.44696634209733,-23.72549247235197],[-45.44701836153977,-23.72547355625562],[-45.44715077512766,-23.72545463987767],[-45.44725008551335,-23.72542153704551],[-45.44739668591261,-23.72536478777763],[-45.44751018355564,-23.72534114314037],[-45.44762368086965,-23.72529385244196],[-45.44773244866893,-23.72526074902927],[-45.44782230095979,-23.72524656181277],[-45.4479499851288,-23.72526547810325],[-45.4480965854908,-23.72531276813294],[-45.44819589562154,-23.72536951742674],[-45.44831885105879,-23.72540734926225],[-45.44842289033954,-23.72540734934869],[-45.44857894915881,-23.72547828547103],[-45.44871136296265,-23.72554922138487],[-45.44879175669141,-23.72561069854072],[-45.44890998271148,-23.72565798972916],[-45.44900456353292,-23.72566744762443],[-45.44908968713369,-23.72566271860054],[-45.44917953897619,-23.72562488642767],[-45.44926466192229,-23.7255870534871],[-45.44936397223569,-23.72553030513538],[-45.44946328220864,-23.72542626567527],[-45.4495484052953,-23.72536478841144],[-45.44969500552218,-23.72529858183977],[-45.44975648395801,-23.72526074872762],[-45.44982741956449,-23.72522764546363],[-45.44995037498115,-23.72522764551082],[-45.45002131034651,-23.72522764598129],[-45.45012062024736,-23.725189812845],[-45.45022938891913,-23.7252134583806],[-45.45025776350884,-23.72527020686982],[-45.45029086651978,-23.7253316845114],[-45.45036653123082,-23.72536951689527],[-45.45045638341092,-23.72536478780519],[-45.45056042250987,-23.72535533041403],[-45.45067391952844,-23.7253647881865],[-45.45080633341693,-23.72534587229841],[-45.45087253970301,-23.72532695601543],[-45.45094347619117,-23.72530331008711],[-45.45107588923421,-23.72527020675002],[-45.45114209659586,-23.72526074909923],[-45.45126032225772,-23.72523710328345],[-45.45137382019927,-23.72524656144364],[-45.45146840127133,-23.72527493623592],[-45.45154406589928,-23.72534114248253],[-45.45165756327177,-23.72543099528773],[-45.45175214441358,-23.72549720128684],[-45.45184199646259,-23.72550665951529],[-45.45197440924181,-23.72546409846836],[-45.4521493847533,-23.72537897497491],[-45.45227706883259,-23.7253316845712],[-45.45232435978242,-23.72528439434436],[-45.45233854668548,-23.72522764552398],[-45.45232435928432,-23.72517562595904],[-45.45230544332667,-23.72513306451723],[-45.45232908874279,-23.72509050325798],[-45.45235273352297,-23.72504321262243],[-45.45242839892985,-23.72503848323394],[-45.45257972874728,-23.72502902525224],[-45.45262701897908,-23.72501483784738],[-45.45274051646536,-23.72502902528501],[-45.45285874235579,-23.72507631615748],[-45.45292022044798,-23.72513779324072],[-45.45294859414163,-23.72522291656732],[-45.45295805285706,-23.72531749802862],[-45.45295332346035,-23.72540734921215],[-45.4529438652639,-23.72548301437844],[-45.45291549098043,-23.72558232490185],[-45.45290603326427,-23.72570528018952],[-45.45294386571388,-23.72580459012723],[-45.45301953024561,-23.725790402603],[-45.45309046631601,-23.72572892521993],[-45.45314248595062,-23.72568163444347],[-45.45325125359161,-23.72567690521399],[-45.45336947993317,-23.72574311227283],[-45.45344987402304,-23.72584715133893],[-45.45347824892417,-23.72596537835902],[-45.45349716490643,-23.7261167080098],[-45.45355391311561,-23.72624912122655],[-45.45358701700363,-23.72633897346645],[-45.45356810051821,-23.72647138635755],[-45.45362012032558,-23.72657069695725],[-45.45372888850107,-23.72670311016616],[-45.45385657316395,-23.72677877492489],[-45.45395115373472,-23.72690173021017],[-45.45401263162667,-23.726972666477],[-45.45406937988439,-23.72707197658072],[-45.4541166711215,-23.72717601580117],[-45.4541876069288,-23.7272327641059],[-45.45432001954742,-23.72725640955193],[-45.45442878802968,-23.72724222253903],[-45.45456120153798,-23.72718547386629],[-45.45466997035974,-23.72718074452493],[-45.45472671880331,-23.72718547325604],[-45.45478819642925,-23.72727059641911],[-45.45478310269185,-23.72732662772097],[-45.45523292552215,-23.72648254306621],[-45.4580659046935,-23.72222707489604],[-45.45880853058007,-23.72147165171022],[-45.45954198836731,-23.72096803448414],[-45.46089888494892,-23.72037208439466],[-45.46343848125218,-23.71944038164028],[-45.46452949898274,-23.71884442489425],[-45.4650887602908,-23.71839115993648],[-45.46580388177809,-23.71746783660998],[-45.46628062900196,-23.71637662950111],[-45.46817845024836,-23.70893938550198],[-45.46824034822494,-23.7077811519723],[-45.4518979234915,-23.70185663327184],[-45.45135706057597,-23.70385856384794],[-45.45108201448386,-23.70432866891059],[-45.45097619992239,-23.70646230930948]]]}},{"type":"Feature","properties":{"id":39,"nome":"Perequê Mirim","NM_BAIRRO":"Perequê Mirim","fonte":"KMZ ajustado no Google Earth a partir da camada limite_bairro_teste"},"geometry":{"type":"Polygon","coordinates":[[[-45.427810129578,-23.70866768294223],[-45.427294014468,-23.70907908130467],[-45.42674963899122,-23.70951300155535],[-45.42622944341586,-23.71017506919704],[-45.42618688209114,-23.71052028952657],[-45.42635712734424,-23.7108087616308],[-45.42661003929145,-23.71099968634732],[-45.42683949106652,-23.71117289947809],[-45.4270428402452,-23.71127220938672],[-45.42711849802478,-23.71130008338161],[-45.42731239627446,-23.71137151956763],[-45.42752047461236,-23.7114519135597],[-45.42773801114551,-23.71152757792444],[-45.42796973457043,-23.71162688854883],[-45.42811160680525,-23.71169309509779],[-45.42828658156932,-23.71175930202758],[-45.42845209831625,-23.71183496663378],[-45.42859869937352,-23.71188225741909],[-45.42885406801948,-23.71195792198436],[-45.42901958464925,-23.71204777415283],[-45.42928914076711,-23.71218964537509],[-45.42940263816634,-23.71225585266329],[-45.42954923882681,-23.71237407890305],[-45.42964854848585,-23.71250649171693],[-45.42977150378263,-23.7126483635096],[-45.42984244002899,-23.71277131943433],[-45.42990682599395,-23.71283191721772],[-45.42992283417953,-23.71284698403182],[-45.42994375717077,-23.71285337777655],[-45.43009307963486,-23.71289900391002],[-45.43019238941324,-23.71290373271972],[-45.43034844837105,-23.71291791959084],[-45.43047613290286,-23.7129368360552],[-45.43065583735171,-23.71293683639978],[-45.43070354861678,-23.71294478764489],[-45.43082608304211,-23.71296521031577],[-45.43096795498725,-23.71297939722135],[-45.4312469690573,-23.71299358481135],[-45.43140302793621,-23.71301723030139],[-45.43157327317618,-23.71303614641781],[-45.43171987398572,-23.71307397813846],[-45.43174374146482,-23.71307900313569],[-45.43189957858035,-23.71311181125819],[-45.43219750833781,-23.71313545640177],[-45.43227317340939,-23.71314018488182],[-45.43243396145851,-23.71314491390883],[-45.43256164523955,-23.71313072743105],[-45.43264676849341,-23.71311653972622],[-45.43275553666465,-23.71310235268641],[-45.43284065978984,-23.71309289516923],[-45.43295415729456,-23.71307870740591],[-45.43304873816218,-23.71306924950479],[-45.43317642288231,-23.71310708219738],[-45.43321835026628,-23.71313727048653],[-45.43329464913977,-23.71319220446061],[-45.43336558449926,-23.71328678599495],[-45.43342233361494,-23.71339082536649],[-45.43346962423924,-23.71348067684913],[-45.43352637234302,-23.71359890344666],[-45.43357839212952,-23.71371712972138],[-45.43375809648177,-23.71396776963961],[-45.43379592900694,-23.71403397619081],[-45.43401346511855,-23.7142420545118],[-45.43447691181608,-23.7147007726968],[-45.43481267516437,-23.71497032864126],[-45.43491757682247,-23.71505505711244],[-45.43505858530204,-23.71516894910748],[-45.43532341303506,-23.71542431827595],[-45.43540853555534,-23.71553308589965],[-45.43545332540274,-23.71561248690326],[-45.43551257521968,-23.71571751920211],[-45.43564025969988,-23.7159303272097],[-45.43574902759657,-23.7161336763137],[-45.43591454432951,-23.7164363352266],[-45.43596640993879,-23.71655735478534],[-45.43598547979242,-23.71660185266668],[-45.43603396838596,-23.71669882922471],[-45.43603543001745,-23.71670175251987],[-45.43606895867103,-23.71676880880936],[-45.43608006116006,-23.71679101448518],[-45.43616045514135,-23.71696598923617],[-45.4362739523239,-23.71717406752652],[-45.43633543020173,-23.71729229410295],[-45.4364158244821,-23.7174247078392],[-45.43650567616961,-23.71757130829513],[-45.43656242481335,-23.71768007669665],[-45.43661917336067,-23.71776992843485],[-45.43670902494279,-23.71795436113685],[-45.43682725130664,-23.71814825282328],[-45.43691237445395,-23.7182995822061],[-45.43698670013524,-23.7184569766089],[-45.43699276847629,-23.71846982798432],[-45.43706370413637,-23.71868263599838],[-45.43715355600882,-23.71886706930811],[-45.43720557616767,-23.71904204412698],[-45.43730015725623,-23.71923593538709],[-45.43743729989452,-23.71947238812034],[-45.43754133866226,-23.7196520914155],[-45.43765483598097,-23.71983179587497],[-45.4377115848939,-23.71990273143676],[-45.43785818538884,-23.71994529290306],[-45.43799059857492,-23.72001149976805],[-45.43812301184257,-23.72012026826162],[-45.43826961313659,-23.72026686854447],[-45.43834054921048,-23.72036617881174],[-45.43841621382409,-23.72045603042476],[-45.43847296239015,-23.72056479895484],[-45.43854862718388,-23.72069248375743],[-45.43860064691402,-23.72082489720134],[-45.43864204782903,-23.72092651754992],[-45.43865266662724,-23.72095258124122],[-45.43876143463887,-23.72115593070023],[-45.43887966114991,-23.72124578237638],[-45.43903099049675,-23.72133090547102],[-45.43922961079988,-23.72144440321516],[-45.43939039882884,-23.72152479680809],[-45.43956064477182,-23.72161464921749],[-45.43966468402575,-23.7216713978822],[-45.43983020048768,-23.72175652050032],[-45.43999571780048,-23.72183218507477],[-45.44018487931086,-23.72189366268946],[-45.44063886898162,-23.72205918019607],[-45.44080911424373,-23.72209701252941],[-45.44090369524352,-23.72206863765972],[-45.44091691056973,-23.72206234503255],[-45.44100300604896,-23.72202134707801],[-45.44106593812033,-23.72199274168408],[-45.44110704451569,-23.72197405650045],[-45.44119453961088,-23.72198546965129],[-45.44121581344854,-23.72198824425379],[-45.44129822355759,-23.72201360076254],[-45.44133876866826,-23.72202607629859],[-45.44144753637793,-23.72205445113181],[-45.44154684646742,-23.72207809640608],[-45.4416192484849,-23.72209954858868],[-45.44167453156339,-23.72211592822874],[-45.44179275763567,-23.72212065780954],[-45.44186842277188,-23.72213484480308],[-45.44198664909659,-23.72218213504944],[-45.44206704252951,-23.72222469646177],[-45.44217108160019,-23.72226725798544],[-45.44231295374748,-23.72231454903188],[-45.44240280606233,-23.72236183969727],[-45.44245955379505,-23.72245169097558],[-45.44250684440438,-23.72254627247164],[-45.4425352188845,-23.72263612449443],[-45.44259669656855,-23.72267395706659],[-45.44269600725206,-23.72273070544632],[-45.44281423275024,-23.72286784785135],[-45.44293718866557,-23.7229624293571],[-45.44299866662072,-23.72303336471349],[-45.44306487298513,-23.72311375880851],[-45.44311689287158,-23.72318942348836],[-45.44317364146028,-23.72327927538564],[-45.44320674486481,-23.72334548217765],[-45.44325876452894,-23.72343060556514],[-45.44332024200093,-23.7234873535509],[-45.44338644899586,-23.72358666411099],[-45.44352359126349,-23.72369543234358],[-45.44363235908857,-23.72374272312841],[-45.44375058552988,-23.72379001379774],[-45.4438357083625,-23.72381838791314],[-45.44393501851972,-23.72386094914314],[-45.44406270306038,-23.72391296890121],[-45.44413836814892,-23.72393661442667],[-45.44425659428891,-23.72397444685029],[-45.44434644681214,-23.72404065296533],[-45.44442684051497,-23.72408794339904],[-45.44452615078744,-23.72415415023243],[-45.44461127307905,-23.72419671205178],[-45.44471531227104,-23.72424873148417],[-45.44480989383029,-23.72427237648243],[-45.44491866202272,-23.72427237707998],[-45.44504634619259,-23.72429602245511],[-45.44516457280926,-23.7243196669432],[-45.44518853894419,-23.72432410514633],[-45.44529225706917,-23.72434331301708],[-45.44539156710539,-23.72438587420202],[-45.44547669029706,-23.72440951892732],[-45.44556181320057,-23.7244662683484],[-45.44564220737007,-23.72452301689364],[-45.44569633949076,-23.72457065328946],[-45.44724969932454,-23.72334551227571],[-45.4491830475211,-23.7223277980141],[-45.44715714785305,-23.71950743803187],[-45.44756573455192,-23.7184166554761],[-45.44841148814169,-23.71727997697123],[-45.44699807262917,-23.71677417636564],[-45.44758040508624,-23.71525859462515],[-45.44771123138073,-23.71470354333965],[-45.44816806772257,-23.71342110169267],[-45.44823602627366,-23.71333813972524],[-45.44852088705595,-23.71328597840627],[-45.44855496668008,-23.71321708045474],[-45.45093876110793,-23.70669805583224],[-45.45097619992239,-23.70646230930948],[-45.44450745005165,-23.70412542711848],[-45.44406529991873,-23.70561248996837],[-45.44251041658292,-23.70545435935719],[-45.44175587361844,-23.7053424711515],[-45.44112594504975,-23.705239036185],[-45.43975695131177,-23.70498658559758],[-45.4392055249934,-23.70489542332595],[-45.43889889110144,-23.70483150157624],[-45.43791561674377,-23.70462199429599],[-45.43555860502353,-23.70418649384573],[-45.43598618864052,-23.70354659680835],[-45.43256772653011,-23.70301412682839],[-45.43266608751486,-23.70318467922552],[-45.43266608758935,-23.70349830522076],[-45.43249482634838,-23.70398442401976],[-45.43151864113629,-23.70496449611048],[-45.43100485967936,-23.70592103894768],[-45.43025131343065,-23.70865734100512],[-45.42996017047994,-23.70938648949551],[-45.42952345545968,-23.70953545516696],[-45.42891548070092,-23.70950409351773],[-45.427810129578,-23.70866768294223]]]}},{"type":"Feature","properties":{"id":40,"nome":"Poiares","NM_BAIRRO":"Poiares","fonte":"KMZ ajustado no Google Earth a partir da camada limite_bairro_teste"},"geometry":{"type":"Polygon","coordinates":[[[-45.43075147127453,-23.63959074565342],[-45.43075923314296,-23.63961221701527],[-45.43085645111552,-23.63988114092564],[-45.43095298719513,-23.64028186218058],[-45.43108874068661,-23.64126293388529],[-45.43114304298266,-23.64161390731773],[-45.4315969455269,-23.643894236075],[-45.43239156522561,-23.64375407951641],[-45.43273608827673,-23.64361565696658],[-45.43314709897354,-23.64333881142358],[-45.43334655972869,-23.6433000538109],[-45.43369712697309,-23.64330558986757],[-45.43401747322601,-23.64325022117475],[-45.43450101409618,-23.64296230113233],[-45.43503290898372,-23.64245290364644],[-45.43512961740856,-23.64240307084626],[-45.43532303423977,-23.64240307089464],[-45.43558293733899,-23.64251380974998],[-45.4359455935206,-23.64259686369328],[-45.4366423839571,-23.64273329346951],[-45.43685040188534,-23.64237954033262],[-45.4369555323946,-23.64203397126552],[-45.43712250373766,-23.6400851697734],[-45.43721526533162,-23.63964895142263],[-45.43738842014002,-23.63930904057668],[-45.43756157526489,-23.63916741074835],[-45.4377842041856,-23.63905410620946],[-45.43806248898597,-23.63860655433822],[-45.43805630524524,-23.63837994469215],[-45.43791256201688,-23.63797811751069],[-45.43827042781709,-23.63776885086682],[-45.43828252437537,-23.63776177673078],[-45.43802037744312,-23.63739172367671],[-45.43706737502665,-23.63605569109471],[-45.43594687692728,-23.63443766382177],[-45.43574489349825,-23.6338561998657],[-45.43567593188391,-23.6336576740992],[-45.4355031319177,-23.6334290932219],[-45.43416028387515,-23.63526569860095],[-45.43352134221863,-23.63621772036351],[-45.43341118086161,-23.6364431091086],[-45.43338363996865,-23.63645656595767],[-45.43311741480851,-23.63639517202395],[-45.43075147127453,-23.63959074565342]]]}},{"type":"Feature","properties":{"id":41,"nome":"Polígono sem título","NM_BAIRRO":"Polígono sem título","fonte":"KMZ ajustado no Google Earth a partir da camada limite_bairro_teste"},"geometry":{"type":"Polygon","coordinates":[[[-45.31011253991779,-23.58574543854559],[-45.31039929705315,-23.58608692272813],[-45.31055060243552,-23.58647209769904],[-45.31036135357352,-23.58680458942628],[-45.3103599370631,-23.58685179474691],[-45.31025396423536,-23.587164398194],[-45.3098482340028,-23.58731906361631],[-45.30941540419722,-23.58727221843392],[-45.30937012192879,-23.58703888101934],[-45.3094229349463,-23.58670903570937],[-45.30942718458076,-23.58639123292697],[-45.30929680415895,-23.58637512266638],[-45.30931604869878,-23.58611816747762],[-45.30939990162526,-23.58597267774413],[-45.30953362781928,-23.58582649226758],[-45.31011253991779,-23.58574543854559]]]}},{"type":"Feature","properties":{"id":42,"nome":"Pontal de Santa Marina","NM_BAIRRO":"Pontal de Santa Marina","fonte":"KMZ ajustado no Google Earth a partir da camada limite_bairro_teste"},"geometry":{"type":"Polygon","coordinates":[[[-45.43562023800209,-23.66417499439008],[-45.43563342636952,-23.66424125498995],[-45.4360109079435,-23.66442539948147],[-45.43615932681992,-23.6644707124982],[-45.44405644660963,-23.66594053951964],[-45.45036147272556,-23.66708950601955],[-45.45050075929673,-23.66156836322346],[-45.43452156616284,-23.65862831553165],[-45.43517946142044,-23.66196044905013],[-45.43562023800209,-23.66417499439008]]]}},{"type":"Feature","properties":{"id":43,"nome":"Ponte Seca","NM_BAIRRO":"Ponte Seca","fonte":"KMZ ajustado no Google Earth a partir da camada limite_bairro_teste"},"geometry":{"type":"Polygon","coordinates":[[[-45.42506064456563,-23.62098626475829],[-45.42430944066933,-23.62181574199436],[-45.42467164428802,-23.62190050095177],[-45.42608172035175,-23.6224320733135],[-45.42644158354224,-23.62251281865001],[-45.42704129380611,-23.62291486071625],[-45.42721994015583,-23.62258477907548],[-45.42754862566681,-23.62201164410591],[-45.42775692301049,-23.62180533820635],[-45.42952316206748,-23.62002700893649],[-45.42990434915199,-23.61962615343037],[-45.43067548517485,-23.61852933873753],[-45.43088112121034,-23.61808522770929],[-45.43109410131611,-23.61711288717069],[-45.43117488761791,-23.61660820863822],[-45.43116590390959,-23.61630186624217],[-45.42710704280333,-23.61545697710092],[-45.426371230401,-23.61693918480266],[-45.42644092362028,-23.61697926412613],[-45.4275787877483,-23.61745521545737],[-45.4276529962199,-23.61753227374967],[-45.42766289140773,-23.61767279227447],[-45.4276975213109,-23.61789036898695],[-45.42792509399153,-23.61826206214467],[-45.4279795135924,-23.61847510495762],[-45.42794983088895,-23.61860202385584],[-45.42784222091786,-23.61873622376163],[-45.42759362989992,-23.61904623888672],[-45.42741058146409,-23.61919128848337],[-45.4271830087429,-23.61923208374894],[-45.42681691361174,-23.6191822232103],[-45.42657449897228,-23.61923208373882],[-45.42642608246994,-23.6193227395496],[-45.42577933713331,-23.61997720911623],[-45.4252634813586,-23.62074149658707],[-45.42506064456563,-23.62098626475829]]]}},{"type":"Feature","properties":{"id":44,"nome":"Portal da Fazendinha","NM_BAIRRO":"Portal da Fazendinha","fonte":"KMZ ajustado no Google Earth a partir da camada limite_bairro_teste"},"geometry":{"type":"Polygon","coordinates":[[[-45.36188217642086,-23.58840989747099],[-45.36329555753311,-23.58886060784075],[-45.36379805171362,-23.58974786689303],[-45.36276867091286,-23.59083361808912],[-45.36186795968782,-23.5917907885291],[-45.36103239340967,-23.59234897491337],[-45.35946140273773,-23.59320817737433],[-45.35868467072061,-23.59375034285496],[-45.35838284559446,-23.59398566043986],[-45.35742042375061,-23.59438590710802],[-45.35603779297317,-23.59474930747205],[-45.35590044912456,-23.5943842802267],[-45.35668194864591,-23.59279396936925],[-45.35769427013595,-23.59136298526634],[-45.35845621023214,-23.59025258212323],[-45.35961581921182,-23.5892652904807],[-45.36109589095186,-23.58878381296963],[-45.36188217642086,-23.58840989747099]]]}},{"type":"Feature","properties":{"id":45,"nome":"Porto Novo","NM_BAIRRO":"Porto Novo","fonte":"KMZ ajustado no Google Earth a partir da camada limite_bairro_teste"},"geometry":{"type":"Polygon","coordinates":[[[-45.44199892439772,-23.68093108539487],[-45.44227091698508,-23.68068753132354],[-45.44235553615959,-23.68043844127652],[-45.44237112450923,-23.67934069304979],[-45.44235990126074,-23.6793137116625],[-45.442297160607,-23.67924273384613],[-45.44221965711677,-23.67919541537673],[-45.44210524819248,-23.67915823638779],[-45.44197238589678,-23.67912781748726],[-45.4417620209773,-23.67911091804379],[-45.44132652805187,-23.67907035890121],[-45.44119735668287,-23.67904669956469],[-45.44094270408765,-23.6789723412633],[-45.44066590848461,-23.67883038591834],[-45.4404922183159,-23.67868547232252],[-45.44038150036684,-23.67858407504988],[-45.44027078136772,-23.6783947997663],[-45.43994600705622,-23.67737406004468],[-45.43983021966348,-23.67699090746742],[-45.43064149000736,-23.6756035488713],[-45.43078470393233,-23.67842065789567],[-45.43078470385165,-23.67885257804927],[-45.43078470330234,-23.67914136663448],[-45.43078470411427,-23.68070479114542],[-45.43047731539146,-23.68454478209074],[-45.42947475625176,-23.69143974220026],[-45.42941397326052,-23.69175265035146],[-45.42856497048964,-23.69612314888186],[-45.42839036324091,-23.69702195842072],[-45.42837878042936,-23.6970815822008],[-45.42831501256154,-23.69740983244026],[-45.42829876545364,-23.69749346116582],[-45.42793781378668,-23.6993514484788],[-45.42790463303448,-23.69948833062],[-45.42781234854989,-23.69986903959146],[-45.4276965980496,-23.70034655377533],[-45.42767280535561,-23.70044470398461],[-45.42765382887526,-23.70052299022922],[-45.42727116237241,-23.70210159625251],[-45.42674845875022,-23.70425783492865],[-45.42602973956079,-23.7072225540145],[-45.42618387427643,-23.70768513719175],[-45.42647501730384,-23.70792818899745],[-45.42711341688002,-23.70821820936122],[-45.42733249497861,-23.70831773299143],[-45.427810129578,-23.70866768294223],[-45.42891548070092,-23.70950409351773],[-45.42952345545968,-23.70953545516696],[-45.42996017047994,-23.70938648949551],[-45.43025131343065,-23.70865734100512],[-45.43100485967936,-23.70592103894768],[-45.43151864113629,-23.70496449611048],[-45.43249482634838,-23.70398442401976],[-45.43266608758935,-23.70349830522076],[-45.43266608751486,-23.70318467922552],[-45.43256772653011,-23.70301412682839],[-45.4324307342729,-23.70277658917222],[-45.43148438959032,-23.70229868239192],[-45.43100485981859,-23.70199289478019],[-45.43095348149912,-23.701640061802],[-45.43114186820744,-23.70112257134287],[-45.43161283440899,-23.70076189502874],[-45.43216943151639,-23.70064428302398],[-45.43528505150213,-23.70104646509982],[-45.43736124271017,-23.7013643108213],[-45.43919572934798,-23.69849517129679],[-45.43997492764617,-23.69731733873448],[-45.44149003721402,-23.69517682651788],[-45.44209608059206,-23.69413487173921],[-45.44258462621846,-23.6934779837641],[-45.4432246817723,-23.69228877943441],[-45.44339027475565,-23.6918861592222],[-45.44345873313664,-23.69164015276356],[-45.4434858682518,-23.69121276265689],[-45.44344885616401,-23.69076651219524],[-45.44336846246337,-23.69046637496657],[-45.44325096484905,-23.69016340473118],[-45.44308708542355,-23.68988591854117],[-45.4428397212593,-23.68957728401103],[-45.4425428828654,-23.68931112202643],[-45.44211927100163,-23.68903929589518],[-45.44122257428539,-23.68864854540298],[-45.44100612952263,-23.68852962173377],[-45.44080205403926,-23.68835689766484],[-45.44063817419108,-23.68812471199485],[-45.44048047946657,-23.68781607305642],[-45.44129174589754,-23.68764524993828],[-45.44158791516401,-23.68750133945656],[-45.44219838574338,-23.68699765038748],[-45.44260939573278,-23.686399862506],[-45.44282698933621,-23.68584635290767],[-45.44297205149718,-23.68504375962713],[-45.44297205104944,-23.68445149853069],[-45.44280885631486,-23.68406957180575],[-45.44252477545053,-23.68380941750396],[-45.44222256216514,-23.68375406529644],[-45.4416000029217,-23.68382048797744],[-45.44117690458169,-23.68375406582267],[-45.44076589440508,-23.68362675630989],[-45.44024004383181,-23.6832060802622],[-45.43999222886784,-23.68283521993539],[-45.43989552048926,-23.68227062419669],[-45.43996805168126,-23.6816672797967],[-45.44030653040628,-23.68115249722348],[-45.44068731892931,-23.68097536764463],[-45.44160000306071,-23.68103072062385],[-45.44199892439772,-23.68093108539487]]]}},{"type":"Feature","properties":{"id":46,"nome":"Poço das Antas","NM_BAIRRO":"Poço das Antas","fonte":"KMZ ajustado no Google Earth a partir da camada limite_bairro_teste"},"geometry":{"type":"Polygon","coordinates":[[[-45.50593987201261,-23.71349001097829],[-45.50596847156947,-23.71336583146754],[-45.50594321935612,-23.71311694810358],[-45.50584004993232,-23.71301116392639],[-45.50566286213837,-23.71295370006892],[-45.50471143417263,-23.71288648838224],[-45.50450663985593,-23.71280141452008],[-45.50438194445711,-23.71272684952261],[-45.50424707617098,-23.71258434615318],[-45.50419375252054,-23.71247044628734],[-45.50419175687112,-23.71226617541825],[-45.50419128026534,-23.71221746530633],[-45.5042250658362,-23.71218647167651],[-45.50424958479996,-23.71207400539285],[-45.50436283405035,-23.71191349116476],[-45.5044099712327,-23.71186734550031],[-45.50462095642578,-23.71166079592992],[-45.50467902646785,-23.7116179772886],[-45.5048540198934,-23.71148894060716],[-45.50517581112447,-23.71118771254184],[-45.50568209655632,-23.71071377428961],[-45.50577897385582,-23.71064191122912],[-45.50612769760637,-23.7103832296613],[-45.50620772519843,-23.71033497971939],[-45.506636549542,-23.71007643149182],[-45.50698059832826,-23.70996081647801],[-45.50798049930462,-23.70977145575488],[-45.50835864735824,-23.70963839712742],[-45.5085868492926,-23.70952064628342],[-45.50883081583012,-23.70943931785386],[-45.50954810624776,-23.70930346532867],[-45.50965600301062,-23.70921963270886],[-45.50976811510068,-23.70905457775589],[-45.5098085320246,-23.70857655100679],[-45.5099102455319,-23.70832548769075],[-45.51010475634453,-23.70812129641624],[-45.51033498886352,-23.70799454730539],[-45.51061018561955,-23.70788669067939],[-45.51178060581941,-23.70775012613677],[-45.51479231573992,-23.70752994456321],[-45.5153084893267,-23.70753490613453],[-45.51565966428055,-23.70751425446184],[-45.51602078806367,-23.70743054899168],[-45.51626810357283,-23.70733572235626],[-45.51634880604905,-23.70723331946312],[-45.5164635203427,-23.70691925652138],[-45.51650907279434,-23.70659940695459],[-45.51674463846182,-23.70608431043084],[-45.51675933132719,-23.70585874445739],[-45.51670337142523,-23.70566801652845],[-45.51663620868135,-23.70551321614398],[-45.51643233511388,-23.7052158884246],[-45.51613975985647,-23.70488079829346],[-45.51583415695013,-23.70438286818466],[-45.51575161536637,-23.70406066632021],[-45.51575881145247,-23.70389819759128],[-45.51583663437373,-23.70367379145606],[-45.51596400379599,-23.70345481026432],[-45.51616014992481,-23.70337259473083],[-45.51641325035305,-23.70335013959206],[-45.51670548646374,-23.70344583700283],[-45.51687350037636,-23.70353022199258],[-45.51702908747498,-23.70365051139248],[-45.5172529636333,-23.70393013853335],[-45.51742440721395,-23.70428107064553],[-45.51754530935631,-23.70444589038651],[-45.51768241344404,-23.70457035695283],[-45.51820073461814,-23.70490055163224],[-45.51833435786912,-23.70501592009532],[-45.51845678083912,-23.70516721703024],[-45.51866681756207,-23.70580340727328],[-45.51876688417822,-23.70596784328833],[-45.5189112200132,-23.70606985796503],[-45.51978574470402,-23.70609041111029],[-45.52034521843063,-23.70619100161527],[-45.52051120405973,-23.70628437748259],[-45.52065873215122,-23.70640903206616],[-45.52088642256614,-23.70671130759564],[-45.52103326771735,-23.70686756658404],[-45.52123987514863,-23.7069255533147],[-45.5214712644177,-23.70694334347987],[-45.52176525504119,-23.70684484537656],[-45.52210220353647,-23.70680133542962],[-45.52284115478068,-23.70679680394874],[-45.5232509431572,-23.70675914226414],[-45.52364414128202,-23.7067798920003],[-45.5237838440666,-23.70684116726959],[-45.52392379698922,-23.70694761337155],[-45.52432960544511,-23.70740671215137],[-45.52460483379989,-23.70763758443748],[-45.52493249493253,-23.70779714934111],[-45.5256115834642,-23.70798121112552],[-45.52601554127272,-23.70812861891279],[-45.52678959429292,-23.70837313057068],[-45.527347736425,-23.70864982221297],[-45.52768569665508,-23.70878698645684],[-45.52840644321485,-23.70894469809506],[-45.52963753192093,-23.70937821610701],[-45.53061953623921,-23.7096761924867],[-45.53077417904647,-23.70975579999577],[-45.53092932792379,-23.70992575092934],[-45.53099968081668,-23.71027482175288],[-45.53114451712694,-23.71035425026202],[-45.53126874819388,-23.71036555232416],[-45.53161483765223,-23.7102679884263],[-45.53184049321321,-23.71026759239545],[-45.53190949152878,-23.71030950205078],[-45.53230708084296,-23.71041161233886],[-45.53245129281872,-23.71043027925221],[-45.53257372869998,-23.71044612700906],[-45.53352573524369,-23.71056935665539],[-45.53375318503549,-23.71071352360238],[-45.53395315819867,-23.71113722365048],[-45.53409444555466,-23.71123916842905],[-45.53427300496374,-23.71123339273225],[-45.53493609190691,-23.71096545567015],[-45.53510297384615,-23.7109323648912],[-45.53535491993495,-23.71096406051471],[-45.53552053174811,-23.71107548147732],[-45.5355685590394,-23.711180240549],[-45.53565087216541,-23.71180052646854],[-45.53570121828112,-23.71196856085949],[-45.53587175316881,-23.712278804468],[-45.53624241781456,-23.71277788034085],[-45.53638121010933,-23.71311012775566],[-45.53640280865808,-23.71333183874036],[-45.53635918113472,-23.71350719327045],[-45.53596776434019,-23.7140014072599],[-45.5359767578408,-23.7140964208604],[-45.53604304717058,-23.71417893028971],[-45.53620618163468,-23.71426320411918],[-45.53672244195202,-23.71432229941727],[-45.53705826642027,-23.71444585464636],[-45.53747740953124,-23.71471545918347],[-45.53768276333339,-23.71500375203286],[-45.53782614271853,-23.71532253105075],[-45.53797349670884,-23.71554201610905],[-45.53810418440632,-23.71556698047777],[-45.53820700241826,-23.71551917049072],[-45.53830573236365,-23.71529061926401],[-45.53862555298666,-23.71427567902543],[-45.53872108474091,-23.7141103036953],[-45.53900112221373,-23.71377665426528],[-45.53904732606972,-23.71362392785408],[-45.53905476503936,-23.71324918036896],[-45.53920788545949,-23.71297193622215],[-45.53947823990395,-23.71266069371656],[-45.53972190747572,-23.7125070472834],[-45.5400307352403,-23.71243137066079],[-45.54013809960021,-23.71234299190282],[-45.54018133500234,-23.71218569611126],[-45.54015543645944,-23.71204972406985],[-45.53991415087263,-23.71160721312929],[-45.5398356442049,-23.71129413302062],[-45.53980146251826,-23.71097282692457],[-45.53975224168974,-23.71080933055708],[-45.5395651495725,-23.71049878951933],[-45.53927660368811,-23.71017285029934],[-45.53913660858701,-23.70995350050922],[-45.53916807926974,-23.7096017720823],[-45.53922956997097,-23.7095080422292],[-45.53938061446674,-23.70938432623544],[-45.53957427147297,-23.70927493587334],[-45.53975063476421,-23.70922846446718],[-45.54010719825421,-23.70918527413868],[-45.54058589338128,-23.70919398986521],[-45.54105635956022,-23.70924320415293],[-45.54127485251414,-23.70923363172093],[-45.54141744219022,-23.70913234357915],[-45.54144876933232,-23.70901547904918],[-45.54143422360533,-23.70889326437652],[-45.54138341919229,-23.7087639723456],[-45.54089848198506,-23.70857682773035],[-45.54075157182831,-23.70857682720663],[-45.54060466224313,-23.70865529242328],[-45.540512842836,-23.70867210623576],[-45.54009659780382,-23.70859924580961],[-45.53985786903068,-23.70854880482549],[-45.53944162287094,-23.70840868860025],[-45.53929471252697,-23.70835824639423],[-45.53912943910802,-23.70826296726719],[-45.53892131565264,-23.70825736320995],[-45.53794803647206,-23.70851517662472],[-45.5369808776295,-23.70864408360427],[-45.53677275409928,-23.70861606015485],[-45.53604432514452,-23.70839187461583],[-45.53540771413066,-23.70805559520177],[-45.53514449965649,-23.70800515303104],[-45.53496086206466,-23.7080555950956],[-45.53485680042089,-23.70815647865189],[-45.53484455853535,-23.70824054902641],[-45.5351261359386,-23.70899717486175],[-45.53510777242578,-23.70912608137671],[-45.53505880243686,-23.70918773217526],[-45.53491801341885,-23.70922135953527],[-45.53426303907648,-23.70921015041139],[-45.53408552226189,-23.70921014987749],[-45.5337304894944,-23.70929982419588],[-45.53341830470833,-23.70932224227298],[-45.53324078838858,-23.70928861509138],[-45.5329224829735,-23.70903080252117],[-45.53273884503051,-23.70896915215436],[-45.53245114602426,-23.70891871022223],[-45.53202265859132,-23.7089299190051],[-45.53170435257913,-23.70900277964163],[-45.5316064128904,-23.70899717463001],[-45.53149010914924,-23.70892991899721],[-45.53136156250448,-23.7086721061536],[-45.53119628869874,-23.70850396703363],[-45.53076167872047,-23.70818450214314],[-45.53062089042083,-23.70815647879167],[-45.53032706939773,-23.70819571184016],[-45.53017403858821,-23.70814527015072],[-45.529910824357,-23.70783701360856],[-45.52964761011987,-23.70741666218981],[-45.52935991088373,-23.70716445118886],[-45.52896202914963,-23.70699070561399],[-45.52864372347958,-23.70689542507493],[-45.52826420563443,-23.70664321306615],[-45.52816014481758,-23.70659837476457],[-45.52795202121154,-23.70662639877965],[-45.52784183941678,-23.70659837503035],[-45.52782347553173,-23.70651430473871],[-45.52771329248476,-23.70632934796426],[-45.52755414006278,-23.70623967252175],[-45.52683183119084,-23.7060883442235],[-45.52664207234336,-23.70609955341977],[-45.52658085961617,-23.70613878697502],[-45.52627479705258,-23.7063573718355],[-45.5262074629244,-23.70634055760623],[-45.52609728075492,-23.70625088214381],[-45.52600546201502,-23.70614999643314],[-45.52552188239176,-23.70593701648541],[-45.52537497211113,-23.70588657357549],[-45.52484242225677,-23.70594822537393],[-45.52455472338508,-23.70591459681938],[-45.52424866008038,-23.70576887312358],[-45.52400993155447,-23.70565117321199],[-45.52363653431502,-23.7055390779739],[-45.52334883596069,-23.70544379666947],[-45.52295095425783,-23.70515234805037],[-45.52250410212103,-23.70487210849503],[-45.52231434295783,-23.70481045629968],[-45.52195318838926,-23.70478243235536],[-45.52177567184079,-23.70475440820535],[-45.52063654212444,-23.70439645141056],[-45.51754576695148,-23.70288969843345],[-45.51392432555044,-23.70153175037406],[-45.50564003607094,-23.702624565218],[-45.5051993050217,-23.70293843949876],[-45.50387711329159,-23.70448537724468],[-45.50316704744485,-23.70659277028929],[-45.50277528732734,-23.70970896009618],[-45.50353432359326,-23.71253364260661],[-45.50365674804246,-23.71309408856851],[-45.50407299421712,-23.71358727792748],[-45.50593987201261,-23.71349001097829]]]}},{"type":"Feature","properties":{"id":47,"nome":"Praia das Palmeiras","NM_BAIRRO":"Praia das Palmeiras","fonte":"KMZ ajustado no Google Earth a partir da camada limite_bairro_teste"},"geometry":{"type":"Polygon","coordinates":[[[-45.43064149000736,-23.6756035488713],[-45.43983021966348,-23.67699090746742],[-45.43977404112722,-23.67670793467586],[-45.43975531529039,-23.67657931104468],[-45.43978340457358,-23.67636493648221],[-45.43992385000278,-23.67612483811418],[-45.44019537876231,-23.67583328849002],[-45.44044818160189,-23.6756274882511],[-45.44086951987232,-23.67541311225771],[-45.44123467930217,-23.67531021240567],[-45.44155770498634,-23.67530163700841],[-45.4406231133652,-23.67058208827035],[-45.44036047722482,-23.66942845073313],[-45.43727556038631,-23.66845535040422],[-45.43714878573221,-23.66843835848749],[-45.43700964301398,-23.66847800620281],[-45.43653579384483,-23.66882698281823],[-45.43569532659219,-23.66455224348297],[-45.43569512416133,-23.66455122879876],[-45.43563342636952,-23.66424125498995],[-45.43562023800209,-23.66417499439008],[-45.42936726389321,-23.66304011522436],[-45.42977991517727,-23.66557234426482],[-45.42989603274963,-23.66628488021187],[-45.42999022250527,-23.66686285187115],[-45.43000472623081,-23.66701542843967],[-45.43035436025303,-23.67069338519099],[-45.43039544481913,-23.67139599503673],[-45.43064149000736,-23.6756035488713]]]}},{"type":"Feature","properties":{"id":48,"nome":"Prainha","NM_BAIRRO":"Prainha","fonte":"KMZ ajustado no Google Earth a partir da camada limite_bairro_teste"},"geometry":{"type":"Polygon","coordinates":[[[-45.39235022155938,-23.62509208390747],[-45.38953307410485,-23.62643193836519],[-45.3892261548943,-23.62669858536351],[-45.38904623713393,-23.62700886591739],[-45.38744285075543,-23.62993225091317],[-45.38819721408336,-23.63029850335993],[-45.38786952321359,-23.63096211916761],[-45.38895599582568,-23.6321616080113],[-45.38802890211146,-23.63450256475999],[-45.38823031744415,-23.63453859034136],[-45.38844785398182,-23.63455041225161],[-45.38888056271175,-23.63450312195634],[-45.38920923144609,-23.63443218592154],[-45.38955681724747,-23.63428085694528],[-45.38991386069637,-23.63407041413278],[-45.38999425409497,-23.63396873920248],[-45.39007228371,-23.63381977381075],[-45.390100657819,-23.63367553806251],[-45.39009592878237,-23.63355258229621],[-45.38995594893056,-23.6325277956919],[-45.38993750594681,-23.63224381722349],[-45.38995169277658,-23.631611306123],[-45.39002499336192,-23.63144106011799],[-45.39009356484444,-23.63136066578378],[-45.39027799725481,-23.63125899189995],[-45.39120962138682,-23.63100598694324],[-45.39158085196256,-23.63097051975098],[-45.39170617134544,-23.63099180027882],[-45.39188587551688,-23.63103672611031],[-45.3923706040822,-23.6310745586837],[-45.39311024500162,-23.63107879319109],[-45.39329460284211,-23.63104006846578],[-45.39342047770035,-23.62928139947061],[-45.39576381368921,-23.62871626541788],[-45.39574545055363,-23.62721804897802],[-45.3966143165332,-23.62619455214201],[-45.39589370425709,-23.62592773010959],[-45.39551799251497,-23.62567562519245],[-45.39540232071569,-23.62551469748233],[-45.39537511724012,-23.62547685074071],[-45.39541610271574,-23.62513890162065],[-45.39551765478426,-23.62430152943977],[-45.39333185699851,-23.62475265180085],[-45.39284502051995,-23.62488355321803],[-45.39235022155938,-23.62509208390747]]]}},{"type":"Feature","properties":{"id":49,"nome":"Rio Claro","NM_BAIRRO":"Rio Claro","fonte":"KMZ ajustado no Google Earth a partir da camada limite_bairro_teste"},"geometry":{"type":"Polygon","coordinates":[[[-45.46118774319716,-23.68678604934905],[-45.4611532006279,-23.68677071213504],[-45.46097489477953,-23.68680115578174],[-45.46090845679062,-23.68687974170113],[-45.46075730079192,-23.6870585355427],[-45.46065454878317,-23.68710281664167],[-45.46044904350753,-23.68714156193644],[-45.46030700332484,-23.68711388603789],[-45.46013474197031,-23.68708344374425],[-45.46002594499519,-23.68710558396813],[-45.45992319215716,-23.68718584176461],[-45.45963608987823,-23.6875345494239],[-45.45939431927483,-23.68772550843151],[-45.45913139368529,-23.68786111657352],[-45.45872502493264,-23.68802345448013],[-45.45844839185298,-23.68862563928228],[-45.45842421437422,-23.68922341644987],[-45.45836981603865,-23.68939499993548],[-45.45817035567307,-23.68956658364105],[-45.45759615023954,-23.68957765363202],[-45.45737251303591,-23.6894503497384],[-45.45677412995309,-23.68868652405965],[-45.45652027159359,-23.68842637915809],[-45.45548670219002,-23.68790608839103],[-45.45534163983631,-23.68792269394332],[-45.45527515266393,-23.68815516454109],[-45.45538999368333,-23.68862563926774],[-45.45525701963043,-23.68878615407296],[-45.45429598145285,-23.68902415734261],[-45.45402399003742,-23.68900201803502],[-45.45349813856811,-23.68861456882534],[-45.45340747512498,-23.68821051428232],[-45.45360349506977,-23.68739767357862],[-45.45239418369533,-23.68935925724811],[-45.45200301788599,-23.69246929329633],[-45.45188079645258,-23.69311340136865],[-45.45405529707475,-23.69338577944987],[-45.45418853008324,-23.69339450241711],[-45.45364682407794,-23.69549083209883],[-45.4518979234915,-23.70185663327184],[-45.46824034822494,-23.7077811519723],[-45.46817845024836,-23.70893938550198],[-45.46628062900196,-23.71637662950111],[-45.46580388177809,-23.71746783660998],[-45.4650887602908,-23.71839115993648],[-45.46452949898274,-23.71884442489425],[-45.46343848125218,-23.71944038164028],[-45.46089888494892,-23.72037208439466],[-45.45954198836731,-23.72096803448414],[-45.45880853058007,-23.72147165171022],[-45.4580659046935,-23.72222707489604],[-45.45523292552215,-23.72648254306621],[-45.45478310269185,-23.72732662772097],[-45.45477873852631,-23.72737463609324],[-45.45475982208566,-23.72747394620497],[-45.45481184160961,-23.72754961041931],[-45.45495844195912,-23.72766783715608],[-45.45514287524988,-23.72783335361779],[-45.45528001821562,-23.72789956039545],[-45.45535772085359,-23.72792869962453],[-45.45543134760739,-23.7279563089837],[-45.45557321951446,-23.72798941313342],[-45.45570090372868,-23.72802251650446],[-45.45584277543907,-23.72802251571038],[-45.4559184402214,-23.72802251577597],[-45.45605085347916,-23.72805561936741],[-45.45615962127003,-23.7281076387162],[-45.45624001598029,-23.72823532310758],[-45.45627784778771,-23.72833463396555],[-45.45638188673428,-23.7285001503226],[-45.45645755205351,-23.72860418995003],[-45.45652848770614,-23.72872714472284],[-45.45663725632803,-23.72884537129165],[-45.45669400428268,-23.72892576560325],[-45.45676966953108,-23.72899670128156],[-45.45684060530526,-23.72910546959456],[-45.45686898008086,-23.72917640490629],[-45.45689735449365,-23.72923315390936],[-45.45696356043094,-23.72920005051892],[-45.45700612204322,-23.72912911426948],[-45.4571054320067,-23.72908655270445],[-45.45717636811919,-23.72911965635792],[-45.45720947157197,-23.72930408972817],[-45.45720001351067,-23.72940812859844],[-45.45714326439869,-23.72956891698971],[-45.45709124484121,-23.72968714331149],[-45.4570061223915,-23.72975334953557],[-45.45692099967952,-23.72984793102853],[-45.45685952182449,-23.72998980225787],[-45.45688316666271,-23.73013640337629],[-45.45698247673095,-23.73035393913516],[-45.45704395503233,-23.7304721660093],[-45.45713853570226,-23.73063768263464],[-45.45722838791622,-23.73071807640643],[-45.45729459468063,-23.73073226384929],[-45.45739863392696,-23.73076536704016],[-45.45749794361491,-23.730760638363],[-45.45763981551104,-23.73072753481789],[-45.45778168667676,-23.7306849733113],[-45.45789518436392,-23.73070861833425],[-45.45793774611979,-23.73075117946334],[-45.4579897657599,-23.73085994811721],[-45.45801341049997,-23.73105383910014],[-45.45801341068688,-23.73113896231066],[-45.45798030702756,-23.73127137608247],[-45.45796139126819,-23.73140851784373],[-45.45794247460267,-23.73151255763948],[-45.45791410069108,-23.73155984772859],[-45.45784789416398,-23.73161186719562],[-45.4577958744164,-23.73164497051975],[-45.45772020919627,-23.73171117803784],[-45.45770129344542,-23.73175373872488],[-45.45772966749377,-23.73187669418241],[-45.4577816866523,-23.73206585672349],[-45.45785735141587,-23.73216516711602],[-45.45795193301858,-23.73222191584984],[-45.45804178539883,-23.73225501904902],[-45.45816946893443,-23.73227393491329],[-45.45827823788441,-23.73226920569558],[-45.45839646415335,-23.73229285166905],[-45.45846739958096,-23.7323874319529],[-45.45845794111928,-23.73253403334964],[-45.45842483842586,-23.7326711756528],[-45.45844848334118,-23.73286033804763],[-45.45848158728703,-23.73309206107801],[-45.45848158651535,-23.73315353923731],[-45.45850523223327,-23.7333899916619],[-45.45850523236582,-23.73348930203989],[-45.4585761684102,-23.73351767563197],[-45.45863291631735,-23.73350348903801],[-45.45870858127054,-23.73354132172785],[-45.45873695622019,-23.73360752816806],[-45.45876533043908,-23.73373994121827],[-45.45882680793438,-23.73386289666103],[-45.45890720148236,-23.73397166474344],[-45.45901124065462,-23.73408989177578],[-45.45910109296578,-23.7342743250116],[-45.45914365398265,-23.73437363454976],[-45.45918148721907,-23.7345013189535],[-45.45919742792106,-23.73470456840323],[-45.459200403251,-23.73474250107453],[-45.45920040264296,-23.73494112088097],[-45.45919094455181,-23.73514447013393],[-45.45912946711069,-23.73531471655372],[-45.45904907288433,-23.7354376721663],[-45.45899705414663,-23.73554171094963],[-45.45892611767823,-23.73575924740259],[-45.45892611836899,-23.73592949370409],[-45.45893084720221,-23.7360240741939],[-45.45885518172702,-23.73618013296291],[-45.45877005909844,-23.73635510831065],[-45.45871331017116,-23.73651116687962],[-45.45868493603287,-23.73668614180831],[-45.4586423747242,-23.73683747134514],[-45.4585477939404,-23.73697461441377],[-45.45844375427877,-23.73729146067512],[-45.45841537968444,-23.73739549959599],[-45.45842956706852,-23.73751372596137],[-45.45849577365825,-23.73762722315935],[-45.45854306411383,-23.73774544979196],[-45.45856198054837,-23.73787786284972],[-45.45856198039934,-23.7379913603593],[-45.45857616824116,-23.73820889701588],[-45.45859508385514,-23.7384122460019],[-45.45858562598985,-23.73853047291987],[-45.45856671029796,-23.73869126054655],[-45.45854779345428,-23.73885677753499],[-45.45851469030075,-23.73903175196297],[-45.45850050260933,-23.73916416562991],[-45.45849104520309,-23.73929657881408],[-45.45850996113654,-23.73949047086122],[-45.45851941924002,-23.73954721865091],[-45.45856198028508,-23.73962288416102],[-45.45863764525159,-23.73960869652991],[-45.45869439381537,-23.73959450988975],[-45.45876060070093,-23.7396323416383],[-45.45880316295071,-23.73978367146012],[-45.45886464029282,-23.73995391767346],[-45.45889499692251,-23.74007281583778],[-45.45891643810712,-23.74005324041061],[-45.45937637696495,-23.73977729320769],[-45.45967973852392,-23.73942615042084],[-45.45992188674177,-23.73923646168545],[-45.46035409587352,-23.73907742542722],[-45.46112711734616,-23.73920479257778],[-45.46134872777254,-23.73919538355551],[-45.46157726606106,-23.73914997118177],[-45.46191705309058,-23.73889887102353],[-45.46241003548711,-23.73870934920467],[-45.46278036880134,-23.73863045143757],[-45.46289148217565,-23.73854219296035],[-45.46287809796155,-23.73837031043774],[-45.46274719629434,-23.737992981991],[-45.46271240763544,-23.7377348833514],[-45.46272634870022,-23.73746414434811],[-45.46282545888511,-23.73694657954536],[-45.46283899694211,-23.7361654489738],[-45.46291722683861,-23.73576041163678],[-45.46306974899519,-23.73537934323912],[-45.46316845128552,-23.73521406995902],[-45.46340197317267,-23.73497001489301],[-45.4637691343067,-23.73472845630133],[-45.46408383785347,-23.73458528252915],[-45.46434772394873,-23.73454956020269],[-45.46538944809267,-23.73453287342785],[-45.46589611013248,-23.73436166234589],[-45.46645993278032,-23.73410118344197],[-45.46674444467899,-23.73404777532566],[-45.46688769490974,-23.73405948149533],[-45.46713012288261,-23.73402335315875],[-45.46722959858734,-23.73396197555122],[-45.46725783070466,-23.73384958504471],[-45.46720421376926,-23.73372211929933],[-45.46676707198009,-23.73313131438399],[-45.46651357592458,-23.7326116840988],[-45.46640074641888,-23.73222114560591],[-45.46628072611027,-23.73193435494919],[-45.46563998912477,-23.73103713008033],[-45.46558798260093,-23.73086452664783],[-45.46557955111218,-23.73060691814948],[-45.46562580894691,-23.73040001456794],[-45.46570899656875,-23.73027058357405],[-45.46595120356282,-23.7302163875965],[-45.46618527458875,-23.73022527186311],[-45.46629911275601,-23.73026352952281],[-45.46647862720733,-23.73043851206855],[-45.46686940209082,-23.73107362113764],[-45.46719783197523,-23.73133719815485],[-45.46761674142022,-23.73153019539537],[-45.46789753820625,-23.73158963368294],[-45.46818207772608,-23.73159042270307],[-45.46850853263498,-23.73147004286295],[-45.46875555929601,-23.73128043224726],[-45.46886778274463,-23.7308624746058],[-45.46883541970443,-23.73057732055872],[-45.46866396479282,-23.73006373960801],[-45.46823542190163,-23.72916596347315],[-45.46806468318081,-23.72864787869757],[-45.46804981773797,-23.72840370019929],[-45.4681714836418,-23.72789106831102],[-45.46816189637623,-23.72710047036893],[-45.46801384124094,-23.72658280715773],[-45.46768924523135,-23.7260618515611],[-45.46716663559177,-23.72534298372768],[-45.46704032477109,-23.7251193091252],[-45.46687438490719,-23.72474584498368],[-45.4666439494224,-23.72432149425174],[-45.46641348154538,-23.72401005917248],[-45.46638127532869,-23.72380169010867],[-45.46642900537007,-23.7236670807241],[-45.46650516254478,-23.72357816725753],[-45.46668355790324,-23.72360859673603],[-45.4670546298896,-23.72380070341756],[-45.46728584089418,-23.72382760000708],[-45.46762450684943,-23.72382036764444],[-45.46778363458547,-23.72391818617247],[-45.46787631492053,-23.72410961598084],[-45.46800874408614,-23.72464053851199],[-45.46834438013087,-23.7256630512459],[-45.46845689024642,-23.72668140308079],[-45.46851140089451,-23.72693535468787],[-45.4687449122799,-23.72735975897375],[-45.46922210151699,-23.72780225721776],[-45.46962871585215,-23.72827505426856],[-45.46995572039087,-23.72854763336584],[-45.47033497840643,-23.72873085157586],[-45.47084157219046,-23.72881255809553],[-45.47101633202617,-23.72889711474813],[-45.47132430156126,-23.72911513535572],[-45.47147367711936,-23.72912695145607],[-45.47154915917842,-23.72909674098828],[-45.47159976889824,-23.72899831598625],[-45.47162075697511,-23.72890837420655],[-45.47161263980089,-23.72852430526621],[-45.47139702586144,-23.72720141896934],[-45.47140406477644,-23.72671374906436],[-45.47153203393707,-23.72633221514842],[-45.47163297269109,-23.72617601175624],[-45.47187332384905,-23.72595465413417],[-45.47299596330962,-23.7252664426141],[-45.47314427140881,-23.72521500291035],[-45.4735602932773,-23.7252317809804],[-45.47399350764158,-23.72544309655632],[-45.47478294107602,-23.72621658994067],[-45.47518827815943,-23.72644093288134],[-45.47542012633303,-23.72649493051899],[-45.47598594080706,-23.72653255523602],[-45.47648160934118,-23.72677664243745],[-45.47663080295955,-23.72682458373191],[-45.47678017628527,-23.72683639474435],[-45.4769017111974,-23.72677542169968],[-45.47695271337079,-23.72665893530109],[-45.4769490779391,-23.72657305113838],[-45.47691389421927,-23.72622009591801],[-45.47694405448361,-23.72610322306472],[-45.47708372326319,-23.72597032047389],[-45.47730737159181,-23.72583897864754],[-45.47734384111083,-23.72568608943634],[-45.47723246113787,-23.72550786717456],[-45.47685866387263,-23.72524346668833],[-45.47664936710061,-23.7250001901115],[-45.47648043545887,-23.72462216460726],[-45.47630967695834,-23.7239640696851],[-45.47610328080601,-23.72347694559108],[-45.47599384246,-23.72329424261637],[-45.47567904257708,-23.72294060166814],[-45.47500383859619,-23.72246733739006],[-45.4747450604081,-23.72215990289009],[-45.47470018467238,-23.72196936748657],[-45.47471796880824,-23.72182968098939],[-45.47499427110175,-23.7213108877032],[-45.47499185271053,-23.72105790743531],[-45.47489768696277,-23.72079418750469],[-45.47474103451259,-23.72058350426756],[-45.47459557045519,-23.72044981307817],[-45.47407646440735,-23.72010139907741],[-45.47308459290893,-23.71964029808308],[-45.47210812258592,-23.71928787845626],[-45.47183700493287,-23.71915184473688],[-45.47162451531185,-23.71899883514227],[-45.47146217341648,-23.71882417619608],[-45.47144458866862,-23.71864769765926],[-45.47151366584538,-23.71851800031678],[-45.47167747177506,-23.71843071758319],[-45.47226190351829,-23.71840095311416],[-45.4729687006427,-23.71849541627565],[-45.47379545051857,-23.71876826022292],[-45.47475888767697,-23.71918366147008],[-45.47560809022909,-23.7194117460956],[-45.4761629978026,-23.71952595375543],[-45.47710001376757,-23.71983244829755],[-45.4776622796952,-23.71994678590589],[-45.47823437654402,-23.71994838745931],[-45.47919257086433,-23.71970874448722],[-45.4794771864745,-23.719704999332],[-45.47977961517415,-23.71975578572557],[-45.47989811462612,-23.71974895367793],[-45.48007000484264,-23.71968439598509],[-45.48009986417178,-23.71958106749385],[-45.48009885989316,-23.71931908039416],[-45.48003738873356,-23.7190740369337],[-45.48001145218773,-23.71880255373367],[-45.48012563303188,-23.71804135319171],[-45.48009256002101,-23.7176477866701],[-45.47981104367901,-23.71711862049289],[-45.47971201386869,-23.71648895891217],[-45.47962187393614,-23.7162930662779],[-45.47947678625674,-23.7161142191227],[-45.47888430867395,-23.71572832362182],[-45.47840855505133,-23.71527684460555],[-45.47811454204598,-23.71512232827946],[-45.47704174104916,-23.7147455622386],[-45.47692206170019,-23.71466655346877],[-45.47645341902256,-23.71414293336236],[-45.47604092221125,-23.7138552245814],[-45.47570651553115,-23.71378125243847],[-45.47485860297174,-23.71374740940649],[-45.47446800557903,-23.71366335522262],[-45.47428446632737,-23.71356057266992],[-45.47372075885426,-23.7129267734764],[-45.4733370156583,-23.71269830953955],[-45.472073135799,-23.71250765395135],[-45.47165903655612,-23.71240508912566],[-45.47110233458515,-23.71215081536951],[-45.47080472397734,-23.71193750021866],[-45.47072434307233,-23.71180050168496],[-45.47072321014846,-23.71162884492056],[-45.47079228545574,-23.71149914692406],[-45.47093413393512,-23.71143404045987],[-45.47127094794574,-23.71145386637234],[-45.47184034897831,-23.71160449270322],[-45.47256131574748,-23.71186182374508],[-45.47284696032114,-23.71189424371962],[-45.47311558666565,-23.71183601167615],[-45.47335183560491,-23.71163264148015],[-45.47360083040658,-23.71123980588708],[-45.47378890938974,-23.71110780667027],[-45.4739884525229,-23.71101215287926],[-45.47417590806978,-23.71071302288458],[-45.47422088353814,-23.71045189157255],[-45.47423544836707,-23.70992822326147],[-45.47426673342773,-23.70981588694951],[-45.47434798137779,-23.70971803271388],[-45.47458797483528,-23.70962313121601],[-45.4746701068082,-23.70962466050186],[-45.47498132771703,-23.70972078598025],[-45.47548549559613,-23.70993793596118],[-45.47587084538932,-23.70998123969256],[-45.47619197959325,-23.70993301318973],[-45.47644237363313,-23.70981120267901],[-45.4766977950223,-23.709572050621],[-45.47685728432733,-23.70931756409529],[-45.47718850370103,-23.70864169968972],[-45.47729300193397,-23.70849007452043],[-45.47743010299454,-23.70836163969119],[-45.47769813124219,-23.70819047023249],[-45.47811758736952,-23.7080763175613],[-45.47881858667324,-23.70798546366428],[-45.47902413392683,-23.70786733209468],[-45.47905840031811,-23.70778666862008],[-45.47903390600435,-23.70767329458984],[-45.47865651797154,-23.7073230100624],[-45.47858928453087,-23.70700559034756],[-45.47865024802497,-23.70668603631549],[-45.47861621146478,-23.70636471667991],[-45.47853469804283,-23.70622318236289],[-45.4781875079988,-23.70581022297096],[-45.4776615702061,-23.7054120071594],[-45.47662349557192,-23.70476939388481],[-45.47641663763412,-23.70461197874446],[-45.47627234055035,-23.70436990773587],[-45.47628784929568,-23.70419404301024],[-45.47640846012622,-23.7040065841496],[-45.47648063303548,-23.70379112387008],[-45.47645653722503,-23.70365969139196],[-45.47637154885214,-23.70350905823589],[-45.47613547320436,-23.70334206428033],[-45.47585263915475,-23.70321033448673],[-45.47534510440306,-23.70281245129118],[-45.47511234770973,-23.70271778532364],[-45.47479987158499,-23.70270745363563],[-45.47441491386737,-23.70275900605527],[-45.47394069911264,-23.70299408251307],[-45.4738536683433,-23.70299246119989],[-45.47373028826355,-23.70285917974028],[-45.47359315258577,-23.70262627285928],[-45.47358391355878,-23.70240478086418],[-45.47360752936227,-23.70227875231764],[-45.47367772184896,-23.70215359016026],[-45.47387140434552,-23.70201717762819],[-45.47414012794924,-23.70198152928448],[-45.47483843373316,-23.70217971342383],[-45.47541483958317,-23.70231690796203],[-45.47634274304405,-23.70261420894441],[-45.47653714723996,-23.70264040974841],[-45.47694428623059,-23.70261184801115],[-45.4774075556703,-23.70251206214456],[-45.47790072535372,-23.70222312764747],[-45.47849197684894,-23.70182309762967],[-45.47900234055348,-23.70158867950548],[-45.48011376502405,-23.70140156274207],[-45.48100444843894,-23.70121485497043],[-45.48176173683405,-23.70118375148337],[-45.48214018366201,-23.70103720899648],[-45.4825128366248,-23.70079119154041],[-45.48271870618756,-23.70071371087272],[-45.48288396668394,-23.70069871193551],[-45.48313619787208,-23.70074404532174],[-45.48325329909423,-23.70080041963841],[-45.48346284741879,-23.70100304441768],[-45.48373311636158,-23.70168105226133],[-45.48416890677587,-23.70227631345291],[-45.48433312664054,-23.702645215606],[-45.48441120642887,-23.70297186706766],[-45.48443094160869,-23.70327485460805],[-45.48444308317973,-23.7033925144061],[-45.48447879003744,-23.703469961288],[-45.48456216403219,-23.70349860854001],[-45.48479858474809,-23.70356622823202],[-45.4849060010403,-23.70364500486262],[-45.48494940029733,-23.70376324410928],[-45.48493702551657,-23.70388045046482],[-45.48478293967316,-23.70436539846627],[-45.48478648125045,-23.70445579822844],[-45.48481627718454,-23.70455120190431],[-45.48489476863333,-23.70460685852997],[-45.48508921775316,-23.7046872491886],[-45.48524950161318,-23.70470377194017],[-45.48565360088221,-23.70470223349254],[-45.4858678990671,-23.70468814054933],[-45.48647142931619,-23.70473546417282],[-45.48684527831011,-23.70471529440305],[-45.48748818639736,-23.70456009190468],[-45.48760698978496,-23.70456680991494],[-45.48773635285296,-23.70462340856665],[-45.48792766799626,-23.70487537345026],[-45.4880360426813,-23.70513483459758],[-45.48819343075341,-23.70536810332927],[-45.4883589207754,-23.70551118751666],[-45.48865679937115,-23.70565672407885],[-45.48887100545313,-23.70578716115473],[-45.48905794933933,-23.70593064196994],[-45.48966937094082,-23.70665560705669],[-45.49002329595434,-23.7070144652788],[-45.49027125878739,-23.70719972493875],[-45.49045569011376,-23.70726185707225],[-45.49065878348888,-23.70728368322384],[-45.49084139567028,-23.70737288265038],[-45.49099993086518,-23.70749776850469],[-45.4912232338925,-23.70788582089601],[-45.49140044121698,-23.70811041988801],[-45.4915112560101,-23.70834282308564],[-45.49161620093665,-23.70890032102766],[-45.49179444683464,-23.70927398969193],[-45.49188583504399,-23.70960991775533],[-45.49184521658355,-23.7097853170046],[-45.49172744574178,-23.70992767250549],[-45.49158028891919,-23.70998366673471],[-45.4912969415249,-23.71001455505738],[-45.49050830486909,-23.70999092340273],[-45.48998265468773,-23.71002635723428],[-45.48854597778542,-23.71041980241188],[-45.48835115086909,-23.71052459441979],[-45.48825654800678,-23.71064479268961],[-45.48826972123028,-23.71077150465465],[-45.48832362315467,-23.710858320226],[-45.48871379677981,-23.71118623464432],[-45.48879482959403,-23.7113503359131],[-45.48883217479046,-23.71168978117687],[-45.48871064288551,-23.71225663396087],[-45.48871838531895,-23.71249164614493],[-45.48918134124651,-23.71353002929971],[-45.4891825799052,-23.7138100875802],[-45.48914944569022,-23.71389529108452],[-45.48897951302958,-23.7140953954639],[-45.48865541259364,-23.71427909333348],[-45.48856051152741,-23.71441283588499],[-45.48856338500278,-23.71456193998152],[-45.48867536328102,-23.71471306510374],[-45.48886761702249,-23.71483857715529],[-45.49009742855778,-23.71529947198645],[-45.49034874606691,-23.71544414244716],[-45.49052803087957,-23.71557392968348],[-45.49074511020839,-23.71582636605748],[-45.49091003225492,-23.71613655454881],[-45.49095434523997,-23.71649419342558],[-45.49079481409888,-23.71706034335733],[-45.49033675335674,-23.7179868177302],[-45.48997909928406,-23.71903258420508],[-45.48961261234611,-23.72028595294532],[-45.48958247237545,-23.72054284554782],[-45.4896062016538,-23.72097236993309],[-45.4895100356834,-23.72119190665403],[-45.4894024354702,-23.72128928118043],[-45.48918967612387,-23.72134405726914],[-45.48830495478228,-23.72133670286621],[-45.48801055129665,-23.72136738190675],[-45.48793436543895,-23.7214021042952],[-45.48787969682299,-23.72151852541435],[-45.48800526899541,-23.72180540272188],[-45.48868510634879,-23.72279811646057],[-45.48882137837176,-23.72304454107965],[-45.48898579718738,-23.72349022049979],[-45.48905633212685,-23.72393867867366],[-45.48900170368198,-23.72450225017622],[-45.48881691795637,-23.72493242814613],[-45.48854286005751,-23.72512608670674],[-45.48810835401234,-23.72525353709673],[-45.48801994832729,-23.72534223229296],[-45.48801213968723,-23.72541887144509],[-45.48814908256901,-23.72560659205297],[-45.48879765661898,-23.72617867289382],[-45.48891077900143,-23.72647435267725],[-45.48888789328818,-23.72673589540175],[-45.48875327885969,-23.72691858534876],[-45.4885265949047,-23.72707698619588],[-45.48812184432453,-23.72724563875078],[-45.4880905213186,-23.72726894722155],[-45.48820841556498,-23.72731315806537],[-45.48839284864696,-23.72735099049826],[-45.48848270131032,-23.72736517751536],[-45.4886056562752,-23.72736990687227],[-45.48878063197991,-23.72736990676968],[-45.4889414189104,-23.72740300985126],[-45.48908802018668,-23.72745030053146],[-45.48919205866708,-23.72746921679128],[-45.48931974355951,-23.72751177811124],[-45.48943796976489,-23.72755433945094],[-45.48959402915826,-23.72757325609598],[-45.48969806777129,-23.72756852703998],[-45.48983521047904,-23.72751650699899],[-45.48990141690521,-23.72750704904037],[-45.49002437261759,-23.72740773956845],[-45.49007639222797,-23.72737936480289],[-45.49015678595313,-23.72731788673862],[-45.49021826394889,-23.72723276400424],[-45.49027501203246,-23.72715237024007],[-45.49034121877929,-23.72707197627452],[-45.49044052886088,-23.72689700129478],[-45.49055402647318,-23.72675040074296],[-45.49058713010606,-23.72670311057301],[-45.49062023351706,-23.72663217452045],[-45.49067225305946,-23.72653286463837],[-45.490747917941,-23.72645247030054],[-45.49083304062139,-23.72639099314261],[-45.49089924782417,-23.72632951545917],[-45.49096072528947,-23.72628222457108],[-45.49103166122355,-23.72622074717609],[-45.49117353255286,-23.72614981069056],[-45.49127757142589,-23.7261072493519],[-45.49140052677016,-23.72607887552592],[-45.49154712730244,-23.72605522987921],[-45.49163225017173,-23.72604577158677],[-45.49170791594522,-23.72601266853423],[-45.49179776786183,-23.72596064898005],[-45.49186870356076,-23.72591808772659],[-45.49195382616672,-23.72584715124799],[-45.49200111707628,-23.72577621584314],[-45.49203421985126,-23.72572419601472],[-45.49208151030789,-23.72563434406687],[-45.49214298856285,-23.72551611779422],[-45.49217609201053,-23.72545464012471],[-45.49222811176183,-23.72539789121891],[-45.49229431800583,-23.72534587166066],[-45.49234633796786,-23.72530331078251],[-45.49238889919032,-23.72525601993294],[-45.49246456410528,-23.72521345870972],[-45.49258279040682,-23.72513779371155],[-45.49272939086997,-23.72512360657324],[-45.49281451437388,-23.72512833570348],[-45.49298475992154,-23.72511887730832],[-45.49308879899348,-23.72509996154203],[-45.49317865077311,-23.72508577423407],[-45.49328269018731,-23.72508104459712],[-45.49344820697108,-23.72507631567768],[-45.49358062059619,-23.72508577370597],[-45.49374140796291,-23.72512360660143],[-45.49386909264458,-23.72515670999529],[-45.49402042209516,-23.7251519806004],[-45.49409135874895,-23.72514252291827],[-45.49418121077318,-23.72513779373839],[-45.49431835296465,-23.72513779357369],[-45.49442239180978,-23.72517089710835],[-45.4945406183678,-23.72518508385513],[-45.49470140667397,-23.72523710380799],[-45.49485273579405,-23.72522291669598],[-45.49490948501833,-23.72521345886752],[-45.49498987885362,-23.7251945425136],[-45.49511283347227,-23.72516616756394],[-45.4952074146433,-23.72514725174758],[-45.49530672464392,-23.72515198105183],[-45.49545332605915,-23.72516616745902],[-45.49559992608931,-23.7252134583085],[-45.49569450759346,-23.72526547799207],[-45.49582219166902,-23.72535533020994],[-45.49589785706018,-23.7254262654963],[-45.49600662541556,-23.72552084703905],[-45.49602081251867,-23.72555395037517],[-45.49611066385381,-23.72562961547689],[-45.49616268422388,-23.72569582214569],[-45.49625726479242,-23.72579513230441],[-45.49631874295655,-23.72588025488951],[-45.49638021996984,-23.72594173249066],[-45.49652682104635,-23.7260599591255],[-45.49667815008428,-23.72621128855117],[-45.49677746072274,-23.72630114073718],[-45.49688149981417,-23.7263815343149],[-45.49695243520674,-23.7264288248458],[-45.49704701707551,-23.72651394824072],[-45.49712741085513,-23.72657069680438],[-45.49722199142464,-23.72661325862737],[-45.4972976564818,-23.7266369032849],[-45.49734967643516,-23.72664636181851],[-45.49744425680608,-23.72665109048998],[-45.49750100615573,-23.72663690325675],[-45.49753883862634,-23.72659907138442],[-45.49763341949104,-23.72653286416705],[-45.49769016788549,-23.72650448971384],[-45.49773272970434,-23.7264761157331],[-45.49779420690261,-23.72644774137918],[-45.49788878827988,-23.72642409637213],[-45.4979644525708,-23.72640518014707],[-45.49806376328797,-23.72640518011768],[-45.49815834386214,-23.72640045055239],[-45.49828129944461,-23.72640990880083],[-45.49839479734504,-23.72641936671802],[-45.49849410742249,-23.72640990861298],[-45.49857922962966,-23.72642409597363],[-45.49867381118477,-23.72643355414634],[-45.49877784980146,-23.72644774092222],[-45.49886770253895,-23.726457199774],[-45.49899538706508,-23.72646665755506],[-45.49906632241409,-23.72646192875047],[-45.49919873558907,-23.72649503231604],[-45.49930750413724,-23.72650921882259],[-45.49945410495637,-23.72654232242996],[-45.49957233076164,-23.72657542542209],[-45.49970474428496,-23.72666054870619],[-45.49978040957394,-23.72673148475247],[-45.49987971929661,-23.72684025321753],[-45.4999080942556,-23.72688754353519],[-45.49996957137059,-23.72697266642783],[-45.50003577870626,-23.72702468570484],[-45.50013035987444,-23.72709562183351],[-45.50032425068115,-23.72710980872253],[-45.50056070333513,-23.72727532600891],[-45.50071203303023,-23.72739828069568],[-45.50079242685857,-23.72748813277172],[-45.50093902777667,-23.72757325599411],[-45.50116602228745,-23.72773877315094],[-45.50130789414144,-23.72783808312979],[-45.50143557790319,-23.72790901861823],[-45.50152070069406,-23.72797995472868],[-45.50158217915502,-23.72804143200068],[-45.50168148917193,-23.72812655521723],[-45.50175715353171,-23.72818803336735],[-45.5018422766738,-23.72825896838903],[-45.50193212846273,-23.72831571712866],[-45.50203143846397,-23.72839611166555],[-45.50214493646308,-23.72845758873857],[-45.50226789143462,-23.72851906662676],[-45.50244286609065,-23.72859473147068],[-45.50254690573659,-23.72862783487673],[-45.50274552589144,-23.72867985437306],[-45.50289685595204,-23.72871295825676],[-45.50301508212506,-23.72870349985004],[-45.50314276662645,-23.72868931284694],[-45.50320424457872,-23.72860418958643],[-45.50327045091711,-23.72854271210955],[-45.50340759296023,-23.72848123404784],[-45.50350217416428,-23.72843394338171],[-45.50369606601066,-23.72839138195319],[-45.503781188896,-23.72837719484512],[-45.50387577005826,-23.72835827914004],[-45.50401764086515,-23.72834409216773],[-45.50407911910602,-23.72832990427344],[-45.50423517746126,-23.72835827925182],[-45.50437704983278,-23.72835827908643],[-45.50454729556952,-23.72839138198832],[-45.50468443787197,-23.72841502745328],[-45.50482157991783,-23.72845285993704],[-45.50499655522759,-23.72848123471618],[-45.50511478132527,-23.72852379572721],[-45.50524246606933,-23.72858054449905],[-45.50539379547295,-23.72866093850617],[-45.50548364760022,-23.72874606123759],[-45.50556877127187,-23.72885010050265],[-45.5056586226377,-23.72895886896195],[-45.50574847515302,-23.72902034660097],[-45.50590453370054,-23.72907236570682],[-45.50599911454664,-23.72911965684991],[-45.5061267987231,-23.72919532135969],[-45.50637743891252,-23.72937975470387],[-45.50651931055121,-23.7294790643191],[-45.50667064006458,-23.72956891663779],[-45.50688344765601,-23.72970605948674],[-45.50726650084471,-23.72996142831789],[-45.50741310146363,-23.73005128004611],[-45.50756443093906,-23.73011748654513],[-45.50773940648024,-23.73021206810696],[-45.50791911034491,-23.73033502355621],[-45.50803733665084,-23.73044379131051],[-45.50816029172178,-23.73060457887098],[-45.50820285328183,-23.73073226409447],[-45.50828797641249,-23.73088359343075],[-45.508321079409,-23.7309923616145],[-45.50839201610637,-23.73113896210618],[-45.50845822227831,-23.731280833415],[-45.50849605464839,-23.73140378938994],[-45.50859063633685,-23.73155984839067],[-45.50867575842972,-23.73166388675703],[-45.50876561109497,-23.73177738445565],[-45.50889329568452,-23.73190034003374],[-45.5089736891683,-23.73197127573548],[-45.5092243289417,-23.73208477315282],[-45.50938038804122,-23.7321462509587],[-45.50954590458326,-23.73224083174753],[-45.50963575651307,-23.7322975804141],[-45.50976344119416,-23.73242526458983],[-45.50982018966576,-23.73246782585171],[-45.50991477073914,-23.7325860528612],[-45.51006610030618,-23.73269482091633],[-45.51021270087513,-23.73274684056899],[-45.51036403130532,-23.73278467270074],[-45.51052481855127,-23.73283196375945],[-45.51064777440777,-23.73289817050112],[-45.51072343901937,-23.73302112557779],[-45.5107849164541,-23.73316772631645],[-45.51083220693038,-23.73324339131289],[-45.51088895529433,-23.7333947207092],[-45.51092205907476,-23.73355077987081],[-45.51097407912088,-23.7337352121763],[-45.51100718173772,-23.7338770841929],[-45.51108757577992,-23.7340378717131],[-45.51119634379241,-23.73422230512272],[-45.51127673804232,-23.73434053117073],[-45.51131929950596,-23.73440673849985],[-45.5114280677525,-23.73450131876771],[-45.51154629417706,-23.73457698372193],[-45.51160304318282,-23.7346195451982],[-45.51180639255513,-23.73469048165262],[-45.51198609610625,-23.73474250109302],[-45.51215634182649,-23.73478506225876],[-45.51233131655995,-23.7348654558366],[-45.51246373083199,-23.73495530805144],[-45.51254412460411,-23.73504516007841],[-45.51261978974648,-23.7351539288394],[-45.51267180892897,-23.7352390515866],[-45.51270964111968,-23.73534309084548],[-45.51274274475435,-23.73542821396303],[-45.51273801521262,-23.73550860764655],[-45.51283259716474,-23.73569776923448],[-45.51292244890087,-23.73579235062883],[-45.51301230114899,-23.73587274485174],[-45.5131068815874,-23.73595786802355],[-45.51323929479266,-23.73603826176742],[-45.51339535441614,-23.73614702968874],[-45.51357032890541,-23.73626525562203],[-45.513792594244,-23.73640712806511],[-45.51392500803593,-23.73650170831495],[-45.51407633760084,-23.73655845768877],[-45.51423239624972,-23.73662939274696],[-45.51440737184092,-23.73670505817607],[-45.51446884918452,-23.73673343197895],[-45.51461545023695,-23.73677599408463],[-45.5147100307255,-23.73676653580768],[-45.51485663156623,-23.73675707767753],[-45.51502214792977,-23.73677599384809],[-45.51517820688914,-23.73679490974024],[-45.51539574360758,-23.73682801360035],[-45.51553288661507,-23.73687057474427],[-45.51561354393927,-23.73691785748293],[-45.51560001017637,-23.73677210426167],[-45.51547966128877,-23.7364672817259],[-45.51534742493921,-23.73622998931328],[-45.51513733242509,-23.7359912671363],[-45.51479624463348,-23.73574110692699],[-45.514686896256,-23.73560811643759],[-45.51468441128396,-23.73546805553656],[-45.51475345580245,-23.73533834152974],[-45.51479353746317,-23.73515841102014],[-45.51461345987076,-23.73489314049987],[-45.51408432489489,-23.73468920871159],[-45.51379765858795,-23.73450327765149],[-45.51359181696679,-23.73432334786421],[-45.51314910741515,-23.7337822523489],[-45.512869382528,-23.7335874140468],[-45.51261509355297,-23.73349240951969],[-45.51177651038477,-23.73330536596485],[-45.51161400575008,-23.73324818063866],[-45.51138715524274,-23.73310399423072],[-45.51127407756726,-23.73280381738875],[-45.51122284440275,-23.73253639326451],[-45.51106239013146,-23.73215856270378],[-45.51096081955541,-23.73203474588469],[-45.51080268161375,-23.73194602231077],[-45.51064550097654,-23.73189796631355],[-45.51043694627671,-23.73175863162519],[-45.51032311445636,-23.73152167305777],[-45.51032239590198,-23.73130034469021],[-45.51035537307948,-23.73116545137928],[-45.51050847280919,-23.73089275136442],[-45.51075739890498,-23.73061277891217],[-45.51112598636394,-23.73035759012136],[-45.51166079700977,-23.73010093922525],[-45.5122902573029,-23.72989119235799],[-45.51246668202665,-23.72987185032802],[-45.51292453194423,-23.72991188038893],[-45.51356209968225,-23.73006360897216],[-45.51399179768372,-23.73004440120846],[-45.51496993557741,-23.72981846431487],[-45.51568727955028,-23.72974130047669],[-45.51615664608092,-23.72964603296692],[-45.51640245729606,-23.72953762796397],[-45.51650227152279,-23.72943106058363],[-45.51652043209374,-23.72930041013072],[-45.51648709940436,-23.72916881615814],[-45.51638155474045,-23.72905847889057],[-45.51574662245233,-23.72867194433227],[-45.51533177559364,-23.7285152790313],[-45.51445695285997,-23.72833210152173],[-45.51429790974019,-23.72825691403275],[-45.51375273332371,-23.72791718539791],[-45.51327820757677,-23.72774135187415],[-45.5129845271819,-23.72768175705168],[-45.51240972403255,-23.72766216190456],[-45.51214281920739,-23.72761208990383],[-45.51201290902542,-23.72755098616793],[-45.51189594363905,-23.72745850350155],[-45.5115822178671,-23.72705075487858],[-45.51141417876906,-23.72696636666041],[-45.5112035280041,-23.72698056012688],[-45.51099194783403,-23.72709410334625],[-45.51069543515181,-23.727391268381],[-45.51056055307931,-23.72747460461432],[-45.51045491964154,-23.72748169505029],[-45.51029877457836,-23.72744269012398],[-45.51020206515994,-23.72737767899962],[-45.51012556047386,-23.72728593853577],[-45.51006759029161,-23.72713130597271],[-45.50994074401153,-23.72695734000223],[-45.50983741476708,-23.72691479047215],[-45.50966871629655,-23.72688910385286],[-45.50943692891855,-23.72691645697888],[-45.50928801961703,-23.72696791793559],[-45.50868806904461,-23.72737241250723],[-45.50847697728206,-23.72746337792762],[-45.50809487868221,-23.72746538066287],[-45.5078849362937,-23.72736215014854],[-45.50775988308945,-23.72724693201395],[-45.50757789181498,-23.72698613359929],[-45.50744084758201,-23.72671712700517],[-45.50723865356442,-23.72648305618045],[-45.50708050046089,-23.7263672279414],[-45.50663362366624,-23.72624608432913],[-45.50618194160231,-23.726233250537],[-45.50590766215738,-23.72626884940068],[-45.50554609029728,-23.72637058994606],[-45.50504391990043,-23.72645167295367],[-45.50482012682689,-23.72639334993054],[-45.50447165334117,-23.72617464716382],[-45.50424852532016,-23.72594470246447],[-45.50415729078918,-23.72571267102503],[-45.5041121611162,-23.72505240719821],[-45.50406062346764,-23.72488433999535],[-45.50394219626977,-23.72474665794043],[-45.50379453896586,-23.72471232005775],[-45.50368846547377,-23.72479618245521],[-45.50350125135677,-23.72508631388602],[-45.50335859392543,-23.72516046792535],[-45.50321095986827,-23.72515323014884],[-45.50279040567846,-23.72486544443281],[-45.50253125941134,-23.72479743372934],[-45.50234061789975,-23.72479391798325],[-45.50208713096627,-23.72488861089717],[-45.50163809908658,-23.72497969611799],[-45.50139841860827,-23.72497527604361],[-45.50124796792994,-23.72490023405773],[-45.50118103511947,-23.72476349936431],[-45.50113418493514,-23.72457745234932],[-45.50108987117967,-23.72413400146853],[-45.50103363007965,-23.72395681307062],[-45.50094987472264,-23.72386041804624],[-45.50080548225277,-23.72381710568649],[-45.50033269481683,-23.72384451529053],[-45.50020507241776,-23.72381957688076],[-45.50011280647966,-23.72380432418255],[-45.50004729204545,-23.72377149916806],[-45.49999045722331,-23.72373431775347],[-45.49987021854276,-23.72362369844515],[-45.49977776181665,-23.72350455845443],[-45.49969376487233,-23.72336299167942],[-45.4994520233502,-23.72297461238063],[-45.49918732481071,-23.72273937759258],[-45.49888108290994,-23.72266597309046],[-45.49849637318397,-23.72270403838208],[-45.49825154439588,-23.72276726713982],[-45.49757858778641,-23.72311617471371],[-45.49703001189445,-23.72352609364],[-45.49676855459051,-23.72362063006027],[-45.49667538093517,-23.72361890872603],[-45.49656418932814,-23.72357168765452],[-45.49603688947934,-23.72303349418495],[-45.49580511041384,-23.72269497737084],[-45.4957493906073,-23.72252231407962],[-45.49576365043713,-23.7223464277435],[-45.49584124306833,-23.7221626780398],[-45.49600469760126,-23.72203471429901],[-45.49624786180662,-23.72193532425605],[-45.49683540748254,-23.72170679498441],[-45.49710566892949,-23.72151756990853],[-45.49729156001761,-23.72134485313499],[-45.4973832719332,-23.72118846424147],[-45.4974687102384,-23.72098227555103],[-45.49757491288895,-23.72080808588897],[-45.49773539765727,-23.72067554957324],[-45.49789891780287,-23.720628885033],[-45.49816771811502,-23.72064739951739],[-45.49864004065922,-23.72080968723877],[-45.49912690371261,-23.72100837495402],[-45.4993216329923,-23.72102100334689],[-45.49951736877725,-23.72101558244884],[-45.49967201215096,-23.72098230359503],[-45.49983013555922,-23.72095812159648],[-45.50000020138645,-23.72092060968792],[-45.50010999921715,-23.72089101964961],[-45.50033457195219,-23.72080031287871],[-45.50070388233524,-23.72068066008244],[-45.50108552136745,-23.72064253339004],[-45.50132921297659,-23.72068767890225],[-45.5025725573169,-23.72109452649457],[-45.50297702287245,-23.7211064994402],[-45.50320634972786,-23.7210791099078],[-45.50345534318716,-23.72099336648414],[-45.50394464854228,-23.72071331857934],[-45.5041415377361,-23.7206266129405],[-45.50482922147174,-23.72055798410817],[-45.50521304191247,-23.72044762086163],[-45.50546482674184,-23.72040257674591],[-45.50595569533687,-23.72038903396295],[-45.50609211799953,-23.72043219602087],[-45.50627632757944,-23.72056205599184],[-45.50632860252636,-23.72063980268794],[-45.5064524479534,-23.72100793354432],[-45.50657604830048,-23.72121797594093],[-45.5068040271712,-23.72139380759765],[-45.50709109560508,-23.72150297507151],[-45.50739912980655,-23.72152219660303],[-45.50758861300643,-23.72149406686606],[-45.50767337539021,-23.72145949459332],[-45.5081851325259,-23.72104886358955],[-45.50837902793566,-23.72093048137787],[-45.50857878290884,-23.72085285631085],[-45.50878349067418,-23.72082952364826],[-45.50887514319931,-23.72084475966408],[-45.50912259113755,-23.72097126217487],[-45.50920325974081,-23.72104049624657],[-45.50932387287518,-23.72121886517341],[-45.50939885735238,-23.72143704540553],[-45.50951310372907,-23.72202179699654],[-45.50967729214274,-23.72236808467806],[-45.50987477570952,-23.72259303355681],[-45.51009797984188,-23.72279135392658],[-45.51041962928731,-23.72294632074165],[-45.51091634559882,-23.72305933595944],[-45.51165249402325,-23.72313158592237],[-45.51184077844559,-23.72313053125558],[-45.5125595832986,-23.72301275805369],[-45.5133465198546,-23.72277880062336],[-45.51384202727789,-23.72269305322143],[-45.51459550146838,-23.72261655799475],[-45.5147502127255,-23.72255164969149],[-45.5151864256412,-23.72200410969872],[-45.51518087565125,-23.72186399012725],[-45.51510382865862,-23.72174062613862],[-45.5148930740982,-23.72153350659963],[-45.51484115995373,-23.72141060346195],[-45.51484348098731,-23.72127514546392],[-45.51486235152667,-23.72113999187045],[-45.51481322864985,-23.72094487287553],[-45.51469908536679,-23.72080727696803],[-45.51449898086377,-23.72073133641451],[-45.51361977995659,-23.72072422131473],[-45.51311809426171,-23.72064273694448],[-45.51286657261244,-23.72053423330253],[-45.51271434266162,-23.72038256507667],[-45.51270030321702,-23.72036857801489],[-45.51254839971661,-23.72016253637651],[-45.51246267160255,-23.71993061079477],[-45.51243868385138,-23.71973595324814],[-45.51245318993163,-23.71951942003966],[-45.51263184172087,-23.71917040261735],[-45.51291011359712,-23.71883676563855],[-45.51298018261194,-23.71871610289717],[-45.51298934579319,-23.71857625411111],[-45.51293373095732,-23.71842618230326],[-45.51279232620368,-23.71830163401498],[-45.51208338139615,-23.71790920436393],[-45.51189161845358,-23.71778824607567],[-45.51173589646471,-23.71764536689181],[-45.51156558286985,-23.7174118850789],[-45.51126874222098,-23.71679215971962],[-45.5110794541161,-23.71658542978836],[-45.51065150576674,-23.7163562436014],[-45.51042517389418,-23.7161894805245],[-45.51010892842804,-23.71578619638647],[-45.50953784758196,-23.71554082497933],[-45.50937249466174,-23.71536163234055],[-45.50910658651354,-23.71481473799279],[-45.50900044659148,-23.71470438455095],[-45.50884693875016,-23.71462929297288],[-45.5086683503101,-23.71460794055176],[-45.50840848568509,-23.71463025831027],[-45.50773757943603,-23.71469017741375],[-45.50759821914547,-23.71466954496754],[-45.50748825677249,-23.71462235470883],[-45.50716459512911,-23.71436346131084],[-45.50706250210607,-23.71432093185034],[-45.50693366150703,-23.71429597574715],[-45.50668546764074,-23.71434560603719],[-45.50632463833902,-23.71432992830155],[-45.50607919076413,-23.71425314133693],[-45.50591725122185,-23.71411465803098],[-45.505863214952,-23.71400526195828],[-45.50584727864138,-23.71389205157994],[-45.50593804172116,-23.71349795733204],[-45.50593987201261,-23.71349001097829],[-45.50407299421712,-23.71358727792748],[-45.50365674804246,-23.71309408856851],[-45.50353432359326,-23.71253364260661],[-45.50277528732734,-23.70970896009618],[-45.50316704744485,-23.70659277028929],[-45.50387711329159,-23.70448537724468],[-45.5051993050217,-23.70293843949876],[-45.50564003607094,-23.702624565218],[-45.51392432555044,-23.70153175037406],[-45.50952644430077,-23.69988250523107],[-45.50403047978872,-23.69787465030198],[-45.50581804628617,-23.69008414512443],[-45.50527331257726,-23.68995057019556],[-45.50491670061723,-23.68991736059239],[-45.50369575915673,-23.68972917329216],[-45.50280725262687,-23.68955758990987],[-45.5021484272104,-23.68947456565784],[-45.5008186889194,-23.68934726164374],[-45.50007524434113,-23.68921995701671],[-45.49878781562582,-23.68909265330745],[-45.49704102396286,-23.68886571863426],[-45.49609207348375,-23.68879929963321],[-45.49580799357137,-23.68880483406978],[-45.495245876475,-23.68873841457646],[-45.49412768810711,-23.68868859967747],[-45.49387382833051,-23.68864155213089],[-45.49358370385855,-23.68851424744007],[-45.49333588931429,-23.68842568748356],[-45.49240507212568,-23.68814617001562],[-45.49136545857608,-23.68774764848354],[-45.48991483501529,-23.68726886779069],[-45.48912908047384,-23.68703086045402],[-45.48746086403506,-23.68653823934061],[-45.48717073868659,-23.68647735329219],[-45.48680203892266,-23.68645521355315],[-45.48573220382563,-23.68652716963481],[-45.48545416808336,-23.68652163384407],[-45.48451730650673,-23.68637772210126],[-45.48393705737878,-23.68625595011579],[-45.48333867520371,-23.6860456161995],[-45.48295184212523,-23.68598473044543],[-45.48248038921153,-23.68600133562051],[-45.48168254622869,-23.68616738855991],[-45.48151330684614,-23.68627809073758],[-45.48103580979962,-23.68664894088542],[-45.48083634940217,-23.68670429148193],[-45.48051600330132,-23.68667661594004],[-45.48031352010221,-23.68661296292637],[-45.480050594507,-23.68649395925855],[-45.4799387754958,-23.68647735375654],[-45.4797634923986,-23.68649672680681],[-45.47922857515109,-23.68661849824328],[-45.47888405190328,-23.68661849817395],[-45.47869667988631,-23.68663510373356],[-45.47850930695254,-23.68666277832585],[-45.47837935561105,-23.68665170860854],[-45.47811643037053,-23.68659082268282],[-45.47802576564846,-23.68652716914566],[-45.47789581413991,-23.68646074821985],[-45.47738809619876,-23.68631960338865],[-45.47690153269865,-23.68621997167919],[-45.47663860685369,-23.68620336658007],[-45.47626688511444,-23.68623657719002],[-45.47573801209225,-23.68633344176003],[-45.47538140016483,-23.68648842349856],[-45.47470746476721,-23.68687311145257],[-45.47455333537859,-23.68693953242219],[-45.47421183500809,-23.68705853593042],[-45.47392473236389,-23.68721351735685],[-45.47373433822759,-23.6872661005972],[-45.47344723512673,-23.68728547254565],[-45.47316919910971,-23.68726610049122],[-45.47290022919417,-23.68723842472516],[-45.47270983527923,-23.68719691211694],[-45.47244086559162,-23.68711388652956],[-45.4723230016963,-23.68708621115425],[-45.4722353604392,-23.68708344353304],[-45.47199661157617,-23.68717753978963],[-45.47102046270783,-23.68746259431477],[-45.47043114669712,-23.68763971539637],[-45.47003222521459,-23.68780853372719],[-45.46981160988102,-23.68788602415911],[-45.4696605032506,-23.68797458410587],[-45.46950335273686,-23.68803270211015],[-45.46920718362504,-23.68812126238584],[-45.46910443142659,-23.68811849452696],[-45.46890194820739,-23.68804930683118],[-45.46880826234634,-23.68803546915457],[-45.46847280549008,-23.68807698223326],[-45.46834889804199,-23.68806037693283],[-45.46819779081511,-23.68794414186653],[-45.46806783985176,-23.68788048923182],[-45.46737577095831,-23.68761204051141],[-45.46726999615458,-23.68759543471009],[-45.46711889002998,-23.68760373797817],[-45.46672903467977,-23.68776702064634],[-45.4666565035711,-23.68779469607446],[-45.46650539725725,-23.68781406891829],[-45.46641171126241,-23.68786111662843],[-45.46627873749741,-23.68796628175237],[-45.46610043140407,-23.68821258969474],[-45.46596443513376,-23.68830945198889],[-45.46576497446892,-23.68838971012703],[-45.46494899873629,-23.68853085190974],[-45.46483113595141,-23.68852254995221],[-45.46459238672605,-23.68848380455991],[-45.46445941362448,-23.68848103757556],[-45.46422670886447,-23.68848933978383],[-45.4640967578271,-23.68846719965929],[-45.46375827830234,-23.68835650035222],[-45.46347117645944,-23.68821258956633],[-45.46325660436317,-23.6880382368863],[-45.4631659403936,-23.68794137399204],[-45.46305412165533,-23.68773381113628],[-45.46294230240303,-23.6876231104141],[-45.46276701914616,-23.68753454993993],[-45.46261289086295,-23.68749857172444],[-45.46239529640401,-23.68748750198887],[-45.46225627863079,-23.68744598927442],[-45.4620628619208,-23.68732421830018],[-45.46183015780516,-23.6870917459633],[-45.46165185251507,-23.68699211490847],[-45.46118774319716,-23.68678604934905]]]}},{"type":"Feature","properties":{"id":50,"nome":"Rio do Ouro","NM_BAIRRO":"Rio do Ouro","fonte":"KMZ ajustado no Google Earth a partir da camada limite_bairro_teste"},"geometry":{"type":"Polygon","coordinates":[[[-45.41164554514124,-23.60616398247505],[-45.41184239448458,-23.60652256368758],[-45.41448824592732,-23.60883684864013],[-45.42166219599447,-23.61511114555366],[-45.42297429084476,-23.61614429244991],[-45.42434329633973,-23.61539728102091],[-45.42461539409823,-23.61530662310323],[-45.42480833650574,-23.61533382064009],[-45.42496664761219,-23.61543807746585],[-45.42515464262222,-23.61575538258886],[-45.42521058679705,-23.61589275741306],[-45.42517443103216,-23.61633106153599],[-45.42522885119016,-23.61648971311386],[-45.42539211002164,-23.61656223895972],[-45.42578788849379,-23.61664836407226],[-45.42597588325959,-23.61671182409796],[-45.426371230401,-23.61693918480266],[-45.42710704280333,-23.61545697710092],[-45.43116590390959,-23.61630186624217],[-45.43101331567232,-23.61537846928783],[-45.43050657014072,-23.61118279872249],[-45.4304110959384,-23.61066127451149],[-45.4302311644509,-23.61027770116882],[-45.42997411937368,-23.60995805513072],[-45.42871092525782,-23.6088308773646],[-45.42847591297897,-23.60850786284855],[-45.42792142906052,-23.60688941607849],[-45.42791041301319,-23.60647218386963],[-45.42799119845715,-23.60617271735669],[-45.42922868749242,-23.60358180024573],[-45.42941229190246,-23.60332270613169],[-45.42958855156396,-23.60318138172363],[-45.43051823918228,-23.60260776909621],[-45.43047336409676,-23.60254595259557],[-45.43043503854852,-23.60243818997118],[-45.43040705269949,-23.60235950345324],[-45.43039097161012,-23.60220110574438],[-45.43041949783972,-23.60204806716944],[-45.43049104411297,-23.60189010761104],[-45.43056686428466,-23.60172270886463],[-45.43063857855316,-23.60156437391798],[-45.43075438808268,-23.60138619218194],[-45.430841591976,-23.60125202239038],[-45.43101617663829,-23.60104785955512],[-45.43116521258695,-23.60087357226827],[-45.43137755156753,-23.60062525501466],[-45.43146783944177,-23.60043133752675],[-45.43155201268662,-23.60025054867128],[-45.43158957552103,-23.60012936434275],[-45.43164392204249,-23.59939263519844],[-45.43182323811665,-23.59876816322703],[-45.43188723530693,-23.59820474864708],[-45.431768971416,-23.59773726554728],[-45.43176134260984,-23.59752934042265],[-45.43183048733159,-23.59736803488834],[-45.43187246766054,-23.59732560772809],[-45.4315435355366,-23.59726639033605],[-45.43138195193469,-23.59723731532613],[-45.43134124369118,-23.59722999096107],[-45.43112254368157,-23.59719062630891],[-45.43076574641661,-23.59712640287644],[-45.43048111087037,-23.59707516890563],[-45.43013051619281,-23.59701206130589],[-45.42985194874444,-23.59696191857123],[-45.42953968253371,-23.5969057092173],[-45.4292834843869,-23.59685959173766],[-45.42741775306496,-23.59652373107077],[-45.42714545229737,-23.59647471063695],[-45.42692898087728,-23.59643574038324],[-45.42671827019601,-23.59639780719861],[-45.42655451146481,-23.59636832664715],[-45.42629192118302,-23.59632105203955],[-45.42601366546056,-23.59627095843093],[-45.42580342503803,-23.59623310851781],[-45.42560360264338,-23.59619713293731],[-45.42533790912485,-23.59614929886788],[-45.42523500202058,-23.59613077208795],[-45.42501877097649,-23.59609184275827],[-45.42480757982707,-23.59605381885887],[-45.42468454809086,-23.59603166958671],[-45.42452654296679,-23.59600322164273],[-45.42433475408328,-23.59596869116146],[-45.42421675540019,-23.59594744638036],[-45.42412416055686,-23.59593077489236],[-45.42393871105953,-23.59589738639277],[-45.4237113430608,-23.5958564496846],[-45.42342204274093,-23.59580436094571],[-45.42302265358006,-23.59573245144362],[-45.42280151447058,-23.59569263453745],[-45.42254012909908,-23.59564557066605],[-45.42227370906606,-23.59559759961921],[-45.42219524637098,-23.59558347097035],[-45.4220186739925,-23.59555167828834],[-45.42183670498881,-23.59551891370234],[-45.42155399430901,-23.59546800219215],[-45.42125894590153,-23.59541487993127],[-45.42130854446324,-23.59546601350374],[-45.42140978179485,-23.59568316966215],[-45.42145939148663,-23.59578957991847],[-45.42146069364323,-23.59606062465502],[-45.42141203360352,-23.59615455836974],[-45.42140116376299,-23.59616521561201],[-45.4212899444346,-23.59627426072929],[-45.42118152714448,-23.59638055587354],[-45.42108850371337,-23.59640338868934],[-45.42099832332987,-23.59642552365312],[-45.42087052178429,-23.59645689246835],[-45.42073735523764,-23.59648957730947],[-45.42066118526413,-23.59649376429711],[-45.4205448763087,-23.59650015820979],[-45.42042507771586,-23.59650674303699],[-45.42025769539902,-23.59651594411167],[-45.42012638229395,-23.59652316233933],[-45.42005387165656,-23.59656630664572],[-45.41995353002769,-23.59662601065874],[-45.41988360094578,-23.59666761868777],[-45.41988193755668,-23.59673224417023],[-45.41988068776015,-23.59678085193817],[-45.41987895465702,-23.59684820996788],[-45.41989828015041,-23.59687939243079],[-45.41994483042961,-23.59695450265813],[-45.41998882714633,-23.59702549368671],[-45.42003160718816,-23.59709451888674],[-45.42010840705872,-23.59721843796733],[-45.42014698770934,-23.59731034411469],[-45.42018868634943,-23.59740967473589],[-45.42018147579905,-23.59754053045152],[-45.42008808997455,-23.59761576534178],[-45.41999547929715,-23.59769037392796],[-45.41990758264483,-23.59776118505755],[-45.41979134821347,-23.59778058063439],[-45.41965791558984,-23.59780284528268],[-45.41950600831436,-23.59782819196239],[-45.41940105013688,-23.59784570510732],[-45.41920007173209,-23.59787924016698],[-45.41898389541934,-23.59791531167489],[-45.41885888918128,-23.59794727649341],[-45.41864296551753,-23.59800248871995],[-45.41845765989439,-23.59804987089717],[-45.41817536646688,-23.59803667951508],[-45.41791207882751,-23.59802437406069],[-45.41771406539453,-23.59801511995515],[-45.41756593961001,-23.5980081982744],[-45.41742822444688,-23.5980017615223],[-45.41734106056437,-23.59799768813201],[-45.41713403643617,-23.59798801309586],[-45.41699304422217,-23.59798142307564],[-45.41683101379079,-23.59794209836396],[-45.41669018441377,-23.59790791937509],[-45.41655233859313,-23.59784392920641],[-45.41642640628947,-23.59778546924217],[-45.41637349102259,-23.59772318142735],[-45.41631416640692,-23.59765334958835],[-45.41625477397184,-23.59758343751702],[-45.41625089586901,-23.59757887199792],[-45.41617128756608,-23.5974155619298],[-45.41611276331315,-23.59729550211101],[-45.41603531780578,-23.59713663020626],[-45.41600104676423,-23.59695553353242],[-45.41597148738431,-23.59679932619377],[-45.41595038841938,-23.59668783554534],[-45.41585639917282,-23.59645722939819],[-45.41581680058047,-23.59636007421391],[-45.41578666089937,-23.59632779742799],[-45.41568270285796,-23.59621646620632],[-45.41560797095244,-23.59613643324428],[-45.415524809075,-23.5960473730376],[-45.41537194871074,-23.59595861030077],[-45.41530767917619,-23.59592129056108],[-45.4151531485882,-23.59592738971388],[-45.41504915274915,-23.59597510144618],[-45.41502858357406,-23.59604478690967],[-45.41498153723677,-23.59620418352871],[-45.41497162060509,-23.59632515561617],[-45.41495820490443,-23.59648881246425],[-45.41494530742121,-23.59664616136354],[-45.41496246091229,-23.59683130727825],[-45.41496888523235,-23.59690064510986],[-45.41498429575478,-23.59706698257806],[-45.41498457465933,-23.59717183222551],[-45.41498498377752,-23.59732554606887],[-45.41498542482319,-23.59749096426327],[-45.41498570408753,-23.59759592590827],[-45.41498631583014,-23.59782587612537],[-45.41494117443744,-23.59793953918978],[-45.4148688027669,-23.59812176555004],[-45.41479067955725,-23.5981753135119],[-45.41463795875809,-23.59827999271898],[-45.41454396209611,-23.59831299855257],[-45.41438168172229,-23.59836998020577],[-45.41417625063422,-23.59835117405787],[-45.41400809823038,-23.59833578013812],[-45.41389290367616,-23.59826378666117],[-45.41377774165079,-23.59819181197846],[-45.41365871139695,-23.59811741954921],[-45.41359257033173,-23.59807608188571],[-45.41352170853185,-23.59803179497427],[-45.41339397258605,-23.59795196260199],[-45.41323023639404,-23.59784962816007],[-45.41318815608047,-23.59782332970581],[-45.4130224752812,-23.59777128288177],[-45.41281697268152,-23.59770672770973],[-45.41269839187821,-23.59766947628333],[-45.41256049966186,-23.59764668667407],[-45.41229179265731,-23.5976022742785],[-45.41219316353889,-23.59758597299937],[-45.41210379465046,-23.59757120249937],[-45.4120189926316,-23.59755718669989],[-45.4119165102371,-23.59752568366579],[-45.41180168594078,-23.59749038617625],[-45.41169488887391,-23.59745755670679],[-45.41156924538799,-23.59741893301556],[-45.41141781735586,-23.597372383677],[-45.41127670837055,-23.5973290062105],[-45.41117319128826,-23.59729718386037],[-45.41109847724823,-23.59725712153804],[-45.41096782768026,-23.59718706541347],[-45.41086784293055,-23.59713345139336],[-45.41074452154425,-23.59706732293697],[-45.41070157787764,-23.59704429588276],[-45.41064678434716,-23.59702250148434],[-45.41053468411419,-23.59697791394337],[-45.41040341041885,-23.59692569927569],[-45.41030307698732,-23.59691015370566],[-45.41017078766431,-23.59688965498644],[-45.41008760553277,-23.59691065866186],[-45.41007473775863,-23.59692338795944],[-45.40999800692504,-23.59699929367447],[-45.40994782182565,-23.59716095074194],[-45.40994246721536,-23.59735233137404],[-45.40993876575069,-23.59748463171735],[-45.40993860075328,-23.5974905159892],[-45.40993399463102,-23.59752789511439],[-45.40991551182864,-23.59767789410705],[-45.40990168676465,-23.59779009833635],[-45.40988685210017,-23.59791049147361],[-45.40987126405521,-23.59803699715041],[-45.40985677731623,-23.59815456035293],[-45.40984020738658,-23.59828903898102],[-45.40981896240412,-23.59846145421674],[-45.4098067977755,-23.59856016656835],[-45.40978471808571,-23.59873935393048],[-45.40975813251058,-23.5989551062986],[-45.40976383297307,-23.59915383644562],[-45.40976653164716,-23.59924795352525],[-45.40976955159429,-23.59928584543965],[-45.40978169347751,-23.59937852670822],[-45.40979642968971,-23.59949103400613],[-45.40980981254255,-23.59959319712693],[-45.40982206094086,-23.59968670188001],[-45.40983333047608,-23.59977273022252],[-45.4098586917926,-23.59996634207184],[-45.40986910198781,-23.60004581320331],[-45.40989271116865,-23.60012534975746],[-45.4099383001952,-23.6002789326234],[-45.40998196176813,-23.60042602521936],[-45.41005653205666,-23.60067724164891],[-45.41015442852768,-23.60088150550336],[-45.41027538529506,-23.60113388100805],[-45.41039606826897,-23.60138568536536],[-45.41052502512984,-23.60165475432438],[-45.41058312061495,-23.60177597171727],[-45.41062535202664,-23.60186408592685],[-45.41066442743393,-23.60194561648152],[-45.41070856010133,-23.60203769907591],[-45.41077436211859,-23.60217499389529],[-45.41084251530676,-23.60231719438728],[-45.41088042682229,-23.60239629819127],[-45.41093044577376,-23.60250066120946],[-45.41096871240449,-23.60256221191166],[-45.41102148092391,-23.60264709244332],[-45.4110656080866,-23.60271807118411],[-45.41110939247577,-23.60278849802392],[-45.41114849663591,-23.60285139954285],[-45.41119108123709,-23.60291989475258],[-45.41124473566177,-23.60300619819863],[-45.41128500435178,-23.60307096905244],[-45.41134441299045,-23.60316652827368],[-45.41138512705916,-23.60323201691368],[-45.41145136570416,-23.60333856240347],[-45.41150363144317,-23.60342263025144],[-45.41154783793796,-23.6034937350883],[-45.4115946844022,-23.60356713261179],[-45.41166160947726,-23.60365796760219],[-45.41171901496404,-23.60373588229182],[-45.41175873265887,-23.60378979097371],[-45.41183961120477,-23.60389956454958],[-45.41188993937863,-23.60396787371553],[-45.4119325029908,-23.60402564436296],[-45.41195433425385,-23.60405250627853],[-45.41197536286569,-23.60407658015278],[-45.41203936162843,-23.60414984801892],[-45.41213054613394,-23.6042542359512],[-45.4121991783254,-23.60433280712963],[-45.41223821083803,-23.60437749251392],[-45.41224569945226,-23.60439065660235],[-45.41230282611158,-23.60449109547088],[-45.41237546926834,-23.60461881127588],[-45.41241742168706,-23.60469257018649],[-45.41243776404907,-23.60477921908913],[-45.4124661859832,-23.60490028327673],[-45.41249661569283,-23.60502989959887],[-45.41251755024769,-23.60511907061859],[-45.41250921370636,-23.60520929943857],[-45.4125007292814,-23.60530113825762],[-45.41249440173827,-23.60536962751967],[-45.41248595617382,-23.6054610480241],[-45.41247630935519,-23.60556546690523],[-45.41244172545944,-23.6056435985443],[-45.41240029909048,-23.6057371877551],[-45.41236133905844,-23.60582520542582],[-45.41231174446345,-23.60593724820752],[-45.41227283577939,-23.60597087959461],[-45.41217400478375,-23.60605630756352],[-45.41208691511579,-23.60613158600122],[-45.41206119554514,-23.60615381752598],[-45.4118143976922,-23.60617854055291],[-45.41179590710309,-23.60618039250009],[-45.41177436476719,-23.60617804154535],[-45.41173388537545,-23.60617362356757],[-45.41168957504004,-23.60616878759238],[-45.41167040658112,-23.60616669588687],[-45.41164554514124,-23.60616398247505]]]}},{"type":"Feature","properties":{"id":51,"nome":"Sumaré","NM_BAIRRO":"Sumaré","fonte":"KMZ ajustado no Google Earth a partir da camada limite_bairro_teste"},"geometry":{"type":"Polygon","coordinates":[[[-45.395640802034,-23.61170353795206],[-45.39551044686782,-23.61328542957296],[-45.39661026757294,-23.61533797792809],[-45.39533109754725,-23.61736336353533],[-45.39524571051803,-23.61749856130292],[-45.39460980436644,-23.61776377652372],[-45.39358435967717,-23.61878014936659],[-45.39314173409969,-23.61861069709047],[-45.39181247027133,-23.61923844445359],[-45.3904632611229,-23.62076394994381],[-45.39104319421983,-23.6209879657282],[-45.39104319410831,-23.62133704634694],[-45.39145594737132,-23.62140492258114],[-45.39159353201196,-23.6214631021176],[-45.39182107487973,-23.62176369861345],[-45.39179461678181,-23.62188490594866],[-45.39076682145357,-23.62379321952493],[-45.39120194535675,-23.62449812081289],[-45.39146346747471,-23.62468692423471],[-45.39235022155938,-23.62509208390747],[-45.39284502051995,-23.62488355321803],[-45.39333185699851,-23.62475265180085],[-45.39551765478426,-23.62430152943977],[-45.39553613822227,-23.62414911442705],[-45.39638089389694,-23.62346102919022],[-45.39751590953941,-23.62264349900368],[-45.3984767673802,-23.62212996041649],[-45.40170316551796,-23.62018463891173],[-45.4018392377335,-23.62109105565514],[-45.40160329637343,-23.62107660458082],[-45.40138608450686,-23.62111479897287],[-45.40115839459028,-23.62120664838383],[-45.40146102640675,-23.62313447767236],[-45.40275087547802,-23.62311319758362],[-45.40331954486333,-23.62318413298535],[-45.40415067549118,-23.62330827040235],[-45.40500662168731,-23.62350255149646],[-45.40594416941204,-23.62377644698362],[-45.40767301273614,-23.61720854672894],[-45.40837854043491,-23.61765515231443],[-45.4086681556481,-23.61780391351228],[-45.40937593901926,-23.618089708764],[-45.40979994732032,-23.61748641584532],[-45.40928249163862,-23.61721691046417],[-45.40881296345182,-23.61685907937554],[-45.40868132042132,-23.61663392679998],[-45.40840486975896,-23.61589011510853],[-45.40906308607496,-23.61501361789274],[-45.40912451988063,-23.61488495757192],[-45.40904553327268,-23.6145391817271],[-45.40938780600387,-23.61403659803561],[-45.4095062853938,-23.61390391663377],[-45.40983074508743,-23.61367956443267],[-45.40334321007945,-23.61053848139491],[-45.395640802034,-23.61170353795206]]]}},{"type":"Feature","properties":{"id":52,"nome":"Tabatinga","NM_BAIRRO":"Tabatinga","fonte":"KMZ ajustado no Google Earth a partir da camada limite_bairro_teste"},"geometry":{"type":"Polygon","coordinates":[[[-45.27817163436835,-23.58006036596839],[-45.27756977155465,-23.58069236263117],[-45.27673202563307,-23.57902770152301],[-45.27571269335616,-23.57798978200832],[-45.27331693507519,-23.57822831868275],[-45.27185529631467,-23.5767032655242],[-45.26594782994477,-23.57320596581796],[-45.26069950707873,-23.57163886839405],[-45.25482570508245,-23.57245901767946],[-45.24984944398754,-23.57196081297689],[-45.25455995425776,-23.56872160011255],[-45.25707623422528,-23.56388770850647],[-45.26309485451403,-23.56016622966316],[-45.26780278538902,-23.56398105904529],[-45.27212710389647,-23.55973437190555],[-45.27498573697414,-23.56217503247799],[-45.27675921928192,-23.56312626936971],[-45.28640088411007,-23.56722625940205],[-45.29032143951409,-23.57024572725675],[-45.2927179568898,-23.57124258177252],[-45.29297944243061,-23.57485243189278],[-45.28925318442721,-23.57305429531698],[-45.28372781956048,-23.57222980778518],[-45.27989249802354,-23.57321401215665],[-45.27753584725966,-23.57517034195987],[-45.27683118635028,-23.57718866926559],[-45.27810620587581,-23.57823094869338],[-45.27817163436835,-23.58006036596839]]]}},{"type":"Feature","properties":{"id":53,"nome":"Tinga","NM_BAIRRO":"Tinga","fonte":"KMZ ajustado no Google Earth a partir da camada limite_bairro_teste"},"geometry":{"type":"Polygon","coordinates":[[[-45.4395462435877,-23.62241353438539],[-45.43954506301446,-23.6224137472844],[-45.43949054301123,-23.62242356471974],[-45.43923415258709,-23.62255237939469],[-45.4390758705655,-23.62263190096403],[-45.43897061629904,-23.62268478352727],[-45.43867389414594,-23.62280114799621],[-45.43849708441155,-23.62281588391175],[-45.43835625590282,-23.62276714020613],[-45.43817964675554,-23.62270601261805],[-45.43794691902966,-23.62253449925602],[-45.43549242977437,-23.6254932107133],[-45.43492040280363,-23.62614208662622],[-45.43347727773591,-23.6283624936311],[-45.43320554411755,-23.62854416094435],[-45.4324821460755,-23.62917326906997],[-45.43210392186634,-23.62870900764106],[-45.43189461409625,-23.62854079650405],[-45.43147569668619,-23.62833917233191],[-45.4310309888172,-23.63113469007534],[-45.43102153739768,-23.63113902485857],[-45.43097956251761,-23.63115827691876],[-45.43091162190072,-23.63118943824274],[-45.43136551901823,-23.63203275679795],[-45.42889050121211,-23.63558361088738],[-45.42956461436397,-23.63693484994162],[-45.43030740118423,-23.63843024233951],[-45.43054874151995,-23.63902994907213],[-45.43073972805644,-23.63955826204137],[-45.43075147127453,-23.63959074565342],[-45.43311741480851,-23.63639517202395],[-45.43338363996865,-23.63645656595767],[-45.43341118086161,-23.6364431091086],[-45.43352134221863,-23.63621772036351],[-45.43416028387515,-23.63526569860095],[-45.4355031319177,-23.6334290932219],[-45.43567593188391,-23.6336576740992],[-45.43574489349825,-23.6338561998657],[-45.43576030653601,-23.63383756941235],[-45.4437439155786,-23.62394229520458],[-45.44370895824008,-23.62388968124272],[-45.44356536939135,-23.62374321266001],[-45.44348204360013,-23.62365821522186],[-45.44341983810376,-23.62360555531546],[-45.44313631833467,-23.6233775284173],[-45.44277783009396,-23.62320369520638],[-45.44257226539104,-23.62310401494511],[-45.44218386933989,-23.62291567807024],[-45.44185708283516,-23.62275721607407],[-45.44162125485304,-23.62268759068718],[-45.44131790943342,-23.62259802793364],[-45.44104273035787,-23.62251678299459],[-45.44082759857626,-23.62245326589375],[-45.44053101377521,-23.62241948546132],[-45.44027328508852,-23.62239013037086],[-45.4401148897209,-23.62237208824512],[-45.43989681983603,-23.62237587066245],[-45.43974033288364,-23.62237858315312],[-45.4395462435877,-23.62241353438539]]]}},{"type":"Feature","properties":{"id":54,"nome":"Travessão","NM_BAIRRO":"Travessão","fonte":"KMZ ajustado no Google Earth a partir da camada limite_bairro_teste"},"geometry":{"type":"Polygon","coordinates":[[[-45.43256772653011,-23.70301412682839],[-45.43598618864052,-23.70354659680835],[-45.43555860502353,-23.70418649384573],[-45.43791561674377,-23.70462199429599],[-45.43889889110144,-23.70483150157624],[-45.4392055249934,-23.70489542332595],[-45.43975695131177,-23.70498658559758],[-45.44112594504975,-23.705239036185],[-45.44175587361844,-23.7053424711515],[-45.44251041658292,-23.70545435935719],[-45.44406529991873,-23.70561248996837],[-45.44450745005165,-23.70412542711848],[-45.45097619992239,-23.70646230930948],[-45.45108201448386,-23.70432866891059],[-45.45135706057597,-23.70385856384794],[-45.4518979234915,-23.70185663327184],[-45.45364682407794,-23.69549083209883],[-45.45418853008324,-23.69339450241711],[-45.45405529707475,-23.69338577944987],[-45.45188079645258,-23.69311340136865],[-45.44534274309466,-23.69229444225804],[-45.44339027475565,-23.6918861592222],[-45.4432246817723,-23.69228877943441],[-45.44258462621846,-23.6934779837641],[-45.44209608059206,-23.69413487173921],[-45.44149003721402,-23.69517682651788],[-45.43997492764617,-23.69731733873448],[-45.43919572934798,-23.69849517129679],[-45.43736124271017,-23.7013643108213],[-45.43528505150213,-23.70104646509982],[-45.43216943151639,-23.70064428302398],[-45.43161283440899,-23.70076189502874],[-45.43114186820744,-23.70112257134287],[-45.43095348149912,-23.701640061802],[-45.43100485981859,-23.70199289478019],[-45.43148438959032,-23.70229868239192],[-45.4324307342729,-23.70277658917222],[-45.43256772653011,-23.70301412682839]]]}}]}